[{"businessLicenseNumber": "91350213MA2XNC0X9N", "businessPerson": "黄邓贵", "certStr": "一般液态单元（啫喱类、护发清洁类、护肤水类）；膏霜乳液单元（护发类、护肤清洁类）", "cityCode": "", "countyCode": "", "creatUser": "", "createTime": "", "endTime": "", "epsAddress": "厦门市翔安区马巷镇前庵村垵边路412号", "epsName": "厦门市中萪研生物科技有限公司", "epsProductAddress": "厦门市翔安区马巷镇前庵村垵边路380、382号六层", "id": "", "isimport": "N", "legalPerson": "吴巧英", "offDate": "", "offReason": "", "parentid": "", "preid": "", "processid": "20181211142718206be0et", "productSn": "闽妆20160004", "provinceCode": "", "qfDate": "", "qfManagerName": "福建省药品监督管理局", "qualityPerson": "陈小丽", "rcManagerDepartName": "厦门市市场监督管理局", "rcManagerUser": "王春明；柯翠红", "startTime": "", "xkCompleteDate": null, "xkDate": "2021-07-24", "xkDateStr": "2019-04-16", "xkName": "", "xkProject": "", "xkRemark": "", "xkType": "206"}, {"businessLicenseNumber": "91440101MA5CK5B851", "businessPerson": "刘再生", "certStr": "一般液态单元（护发清洁类、护肤水类）；膏霜乳液单元（护肤清洁类、护发类）", "cityCode": "", "countyCode": "", "creatUser": "", "createTime": "", "endTime": "", "epsAddress": "广州市白云区钟落潭镇良田南路98号101厂（自主申报）", "epsName": "广州荔延臣秀生物科技有限公司", "epsProductAddress": "广州市白云区钟落潭镇良田南路98号101厂自编A栋一、二、三、四楼（自主申报）", "id": "", "isimport": "Y", "legalPerson": "刘再生", "offDate": "", "offReason": "", "parentid": "", "preid": "", "processid": "", "productSn": "粤妆20190080", "provinceCode": "", "qfDate": "", "qfManagerName": "广东省药品监督管理局", "qualityPerson": "朱相颖", "rcManagerDepartName": "白云区局钟落潭食品药品监督管理所", "rcManagerUser": "谢庆行、梁嘉伦", "startTime": "", "xkCompleteDate": null, "xkDate": "2024-04-11", "xkDateStr": "2019-04-12", "xkName": "严振", "xkProject": "", "xkRemark": "无", "xkType": "201"}, {"businessLicenseNumber": "91440101MA5AYBNP1X", "businessPerson": "谭阿琴", "certStr": "膏霜乳液单元（护肤清洁类）；粉单元（散粉类、块状粉类）；蜡基单元（蜡基类）", "cityCode": "", "countyCode": "", "creatUser": "", "createTime": "", "endTime": "", "epsAddress": "广州市从化区城郊街丽都路2号B栋", "epsName": "广州铭泽恒基生物科技有限公司", "epsProductAddress": "广州市从化区城郊街丽都路2号B栋1-3层", "id": "", "isimport": "Y", "legalPerson": "谭阿琴", "offDate": "", "offReason": "", "parentid": "", "preid": "", "processid": "", "productSn": "粤妆20190079", "provinceCode": "", "qfDate": "", "qfManagerName": "广东省药品监督管理局", "qualityPerson": "蒋玲", "rcManagerDepartName": "从化区局城郊食品药品监管所", "rcManagerUser": "欧阳世斌、耿庆良", "startTime": "", "xkCompleteDate": null, "xkDate": "2024-04-11", "xkDateStr": "2019-04-12", "xkName": "严振", "xkProject": "", "xkRemark": "无", "xkType": "201"}, {"businessLicenseNumber": "91440101MA5CJY4K28", "businessPerson": "蒲  锐", "certStr": "一般液态单元（护发清洁类、护肤水类、啫喱类）；膏霜乳液单元（护肤清洁类、护发类）", "cityCode": "", "countyCode": "", "creatUser": "", "createTime": "", "endTime": "", "epsAddress": "广州市白云区钟落潭镇广从九路951号A栋401厂", "epsName": "广州虹美生物科技有限公司", "epsProductAddress": "广州市白云区钟落潭镇广从九路951号A栋401厂", "id": "", "isimport": "Y", "legalPerson": "陈清梅", "offDate": "", "offReason": "", "parentid": "", "preid": "", "processid": "", "productSn": "粤妆20190078", "provinceCode": "", "qfDate": "", "qfManagerName": "广东省药品监督管理局", "qualityPerson": "董仪伦", "rcManagerDepartName": "白云区局钟落潭食品药品监督管理所", "rcManagerUser": "谢庆行、梁嘉伦", "startTime": "", "xkCompleteDate": null, "xkDate": "2024-04-11", "xkDateStr": "2019-04-12", "xkName": "严振", "xkProject": "", "xkRemark": "无", "xkType": "201"}, {"businessLicenseNumber": "91440101569765753A", "businessPerson": "刘高锋", "certStr": "一般液态单元（护发清洁类、护肤水类、啫喱类）；膏霜乳液单元（护肤清洁类、护发类）", "cityCode": "", "countyCode": "", "creatUser": "", "createTime": "", "endTime": "", "epsAddress": "广州市白云区嘉禾街长红村双和工业区大马路101号", "epsName": "广州美缇生物科技有限公司", "epsProductAddress": "广州市白云区嘉禾街长红村双和工业区大马路101号", "id": "", "isimport": "Y", "legalPerson": "刘高锋", "offDate": "", "offReason": "", "parentid": "", "preid": "", "processid": "", "productSn": "粤妆20170447", "provinceCode": "", "qfDate": "", "qfManagerName": "广东省药品监督管理局", "qualityPerson": "张秋林", "rcManagerDepartName": "白云区局嘉禾食品药品监督管理所", "rcManagerUser": "莫国强、唐志成", "startTime": "", "xkCompleteDate": null, "xkDate": "2022-07-31", "xkDateStr": "2019-04-12", "xkName": "严振", "xkProject": "", "xkRemark": "无", "xkType": "206"}, {"businessLicenseNumber": "91440146777673932", "businessPerson": "汪德伟", "certStr": "一般液态单元（护发清洁类、护肤水类、啫喱类）；膏霜乳液单元（护肤清洁类、护发类）", "cityCode": "", "countyCode": "", "creatUser": "", "createTime": "", "endTime": "", "epsAddress": "广州市花都区新华街镜湖工业区迎春路", "epsName": "广州长生康生物科技有限公司", "epsProductAddress": "广州市花都区新雅街迎春路自编6号301、101", "id": "", "isimport": "Y", "legalPerson": "王显奎", "offDate": "", "offReason": "", "parentid": "", "preid": "", "processid": "", "productSn": "粤妆20160601", "provinceCode": "", "qfDate": "", "qfManagerName": "广东省药品监督管理局", "qualityPerson": "郝世元", "rcManagerDepartName": "花都区局新雅食品药品监管所", "rcManagerUser": "余炳辉、危兆志、赵春云、刘炽洪", "startTime": "", "xkCompleteDate": null, "xkDate": "2021-08-18", "xkDateStr": "2019-04-12", "xkName": "严振", "xkProject": "", "xkRemark": "无", "xkType": "206"}, {"businessLicenseNumber": "91440114340111268K", "businessPerson": "舒锦华", "certStr": "一般液态单元（护发清洁类、护肤水类、啫喱类）；膏霜乳液单元（护肤清洁类、护发类）", "cityCode": "", "countyCode": "", "creatUser": "", "createTime": "", "endTime": "", "epsAddress": "广州市花都区东升路9号C座三楼（可作厂房使用）", "epsName": "广州肌蜜生物科技有限公司", "epsProductAddress": "广州市花都区东升路9号C座三楼（可作厂房使用）", "id": "", "isimport": "Y", "legalPerson": "舒邦德", "offDate": "", "offReason": "", "parentid": "", "preid": "", "processid": "", "productSn": "粤妆20160420", "provinceCode": "", "qfDate": "", "qfManagerName": "广东省药品监督管理局", "qualityPerson": "舒锦华", "rcManagerDepartName": "花都区局新雅食品药品监管所", "rcManagerUser": "余炳辉、危兆志、赵春云、刘炽洪", "startTime": "", "xkCompleteDate": null, "xkDate": "2024-04-11", "xkDateStr": "2019-04-12", "xkName": "严振", "xkProject": "", "xkRemark": "无", "xkType": "206"}, {"businessLicenseNumber": "912301997120425839", "businessPerson": "马玉国", "certStr": "一般液态单元（啫喱类、护发清洁类、护肤水类）；膏霜乳液单元（护发类、护肤清洁类）；粉单元（块状粉类）", "cityCode": "", "countyCode": "", "creatUser": "", "createTime": "", "endTime": "", "epsAddress": "哈尔滨市松北区巨宝一路239号", "epsName": "哈尔滨圣吉药业股份有限公司", "epsProductAddress": "哈尔滨市松北区巨宝一路239号", "id": "", "isimport": "N", "legalPerson": "马玉国", "offDate": "", "offReason": "", "parentid": "", "preid": "", "processid": "20190330150725201i9q90", "productSn": "黑妆20190003", "provinceCode": "", "qfDate": "", "qfManagerName": "黑龙江省药品监督管理局", "qualityPerson": "颜文生", "rcManagerDepartName": "黑龙江省药品监督管理局", "rcManagerUser": "张跃晨  郭欣", "startTime": "", "xkCompleteDate": null, "xkDate": "2024-04-11", "xkDateStr": "2019-04-11", "xkName": "李军", "xkProject": "", "xkRemark": "", "xkType": "201"}, {"businessLicenseNumber": "914401010565957441", "businessPerson": "王为", "certStr": "一般液态单元（护发清洁类、护肤水类、啫喱类）；膏霜乳液单元（护肤清洁类、护发类）", "cityCode": "", "countyCode": "", "creatUser": "", "createTime": "", "endTime": "", "epsAddress": "广州市白云区人和镇木龙潭街22号", "epsName": "广州天吻生物科技有限公司", "epsProductAddress": "广州市白云区人和镇木龙潭街22号", "id": "", "isimport": "Y", "legalPerson": "王为", "offDate": "", "offReason": "", "parentid": "", "preid": "", "processid": "", "productSn": "粤妆20180104", "provinceCode": "", "qfDate": "", "qfManagerName": "广东省药品监督管理局", "qualityPerson": "柴利霞", "rcManagerDepartName": "白云区局人和食品药品监督管理所", "rcManagerUser": "郭占恒、黄建新", "startTime": "", "xkCompleteDate": null, "xkDate": "2023-04-10", "xkDateStr": "2019-04-10", "xkName": "严振", "xkProject": "", "xkRemark": "无", "xkType": "206"}, {"businessLicenseNumber": "91440111695196491E", "businessPerson": "周绪通", "certStr": "一般液态单元（护发清洁类、护肤水类、啫喱类）；膏霜乳液单元（护肤清洁类、护发类）；蜡基单元（蜡基类）", "cityCode": "", "countyCode": "", "creatUser": "", "createTime": "", "endTime": "", "epsAddress": "广州市白云区南岭村岗埔三路2号", "epsName": "广州腾跃生物科技有限公司", "epsProductAddress": "广州市白云区龙归街南岭村岗埔三路2号", "id": "", "isimport": "Y", "legalPerson": "周绪通", "offDate": "", "offReason": "", "parentid": "", "preid": "", "processid": "", "productSn": "粤妆20170353", "provinceCode": "", "qfDate": "", "qfManagerName": "广东省药品监督管理局", "qualityPerson": "张灿标", "rcManagerDepartName": "白云区局太和食品药品监督管理所", "rcManagerUser": "黄礼杰、任卫红", "startTime": "", "xkCompleteDate": null, "xkDate": "2022-03-23", "xkDateStr": "2019-04-10", "xkName": "严振", "xkProject": "", "xkRemark": "无", "xkType": "206"}, {"businessLicenseNumber": "91440111791032673J", "businessPerson": "陈师银", "certStr": "一般液态单元（护发清洁类、护肤水类、啫喱类）；膏霜乳液单元（护肤清洁类、护发类）；气雾剂及有机溶剂单元（有机溶剂类）", "cityCode": "", "countyCode": "", "creatUser": "", "createTime": "", "endTime": "", "epsAddress": "广州市白云区人和镇华业路6号", "epsName": "广州市歌雅化妆品有限公司", "epsProductAddress": "广州市白云区人和镇华业路6号", "id": "", "isimport": "Y", "legalPerson": "褚福珍", "offDate": "", "offReason": "", "parentid": "", "preid": "", "processid": "", "productSn": "粤妆20161299", "provinceCode": "", "qfDate": "", "qfManagerName": "广东省药品监督管理局", "qualityPerson": "傅正春", "rcManagerDepartName": "白云区局人和食品药品监督管理所", "rcManagerUser": "黄绍威、王艳妮", "startTime": "", "xkCompleteDate": null, "xkDate": "2021-11-24", "xkDateStr": "2019-04-10", "xkName": "严振", "xkProject": "", "xkRemark": "无", "xkType": "206"}, {"businessLicenseNumber": "91220622X052043440", "businessPerson": "孙铭阳", "certStr": "膏霜乳液单元（护肤清洁类）", "cityCode": "", "countyCode": "", "creatUser": "", "createTime": "", "endTime": "", "epsAddress": "靖宇县靖白公路西侧", "epsName": "吉林省靖宇县长白山日用化工厂", "epsProductAddress": "吉林省白山市靖宇镇靖白公路西侧工业区", "id": "", "isimport": "N", "legalPerson": "孙铭阳", "offDate": "", "offReason": "", "parentid": "", "preid": "", "processid": "20190401203630206kd097", "productSn": "吉妆20160025", "provinceCode": "", "qfDate": "", "qfManagerName": "吉林省食品药品监督管理局", "qualityPerson": "王晓兰", "rcManagerDepartName": "靖宇县市场监督管理局", "rcManagerUser": "顾旭东 柴锡霞", "startTime": "", "xkCompleteDate": null, "xkDate": "2019-09-16", "xkDateStr": "2019-04-10", "xkName": "", "xkProject": "", "xkRemark": "", "xkType": "206"}, {"businessLicenseNumber": "91440101MA5ATMBX35", "businessPerson": "廖巍娜", "certStr": "一般液态单元（护发清洁类、护肤水类、啫喱类）；膏霜乳液单元（护肤清洁类、护发类）；气雾剂及有机溶剂单元（气雾剂类）", "cityCode": "", "countyCode": "", "creatUser": "", "createTime": "", "endTime": "", "epsAddress": "广州市花都区花山镇启源大道2号之一一楼", "epsName": "恒冠湄颜健康产业（广州）有限公司", "epsProductAddress": "广州市花都区花山镇启源大道2号之一一楼1103、1104、三楼1301", "id": "", "isimport": "Y", "legalPerson": "廖巍娜", "offDate": "", "offReason": "", "parentid": "", "preid": "", "processid": "", "productSn": "粤妆20190077", "provinceCode": "", "qfDate": "", "qfManagerName": "广东省药品监督管理局", "qualityPerson": "庞涛", "rcManagerDepartName": "花都区局花山食品药品监管所", "rcManagerUser": "王海锦、叶智强、何永忠", "startTime": "", "xkCompleteDate": null, "xkDate": "2024-04-08", "xkDateStr": "2019-04-09", "xkName": "严振", "xkProject": "", "xkRemark": "无", "xkType": "201"}, {"businessLicenseNumber": "914401113402357621", "businessPerson": "邓家松", "certStr": "一般液态单元（护发清洁类、护肤水类、啫喱类）；膏霜乳液单元（护肤清洁类、护发类）", "cityCode": "", "countyCode": "", "creatUser": "", "createTime": "", "endTime": "", "epsAddress": "广州市白云区鹤龙街鹤边员村北街6号A栋三楼", "epsName": "广州古泉生物科技有限公司", "epsProductAddress": "广州市白云区鹤龙街鹤边员村北街6号A栋三楼", "id": "", "isimport": "Y", "legalPerson": "邓家松", "offDate": "", "offReason": "", "parentid": "", "preid": "", "processid": "", "productSn": "粤妆20160087", "provinceCode": "", "qfDate": "", "qfManagerName": "广东省药品监督管理局", "qualityPerson": "农桂梅", "rcManagerDepartName": "白云区局鹤龙食品药品监督管理所", "rcManagerUser": "张秀利、刘成禹", "startTime": "", "xkCompleteDate": null, "xkDate": "2024-04-08", "xkDateStr": "2019-04-09", "xkName": "严振", "xkProject": "", "xkRemark": "无", "xkType": "206"}, {"businessLicenseNumber": "9150011776268105XT", "businessPerson": "郭一", "certStr": "一般液态单元（啫喱类、护发清洁类）；膏霜乳液单元（护肤清洁类）", "cityCode": "", "countyCode": "", "creatUser": "", "createTime": "", "endTime": "", "epsAddress": "重庆市合川区工业园区堰口村二社", "epsName": "重庆小丸生物科技股份有限公司", "epsProductAddress": "重庆市合川区工业园区堰口村二社", "id": "", "isimport": "N", "legalPerson": "袁彦洁", "offDate": "", "offReason": "", "parentid": "", "preid": "", "processid": "20190325130530206vs4hf", "productSn": "渝妆20170001", "provinceCode": "", "qfDate": "", "qfManagerName": "重庆市药品监督管理局", "qualityPerson": "杜森垚", "rcManagerDepartName": "重庆市药品监督管理局检查一局", "rcManagerUser": "梁捷 冯彬", "startTime": "", "xkCompleteDate": null, "xkDate": "2022-03-16", "xkDateStr": "2019-04-09", "xkName": "赵勇", "xkProject": "", "xkRemark": "", "xkType": "206"}, {"businessLicenseNumber": "9132092233877322x9", "businessPerson": "胡平", "certStr": "一般液态单元（护发清洁类）；膏霜乳液单元（护发类）", "cityCode": "", "countyCode": "", "creatUser": "", "createTime": "", "endTime": "", "epsAddress": "盐城市滨海县滨海医药产业园新安大道799-5号", "epsName": "江苏美研生物科技有限公司", "epsProductAddress": "盐城市滨海县滨海医药产业园新安大道799-5号", "id": "", "isimport": "N", "legalPerson": "胡平", "offDate": "", "offReason": "", "parentid": "", "preid": "", "processid": "20190319130408201dyeyt", "productSn": "苏妆20190009", "provinceCode": "", "qfDate": "", "qfManagerName": "江苏省药品监督管理局", "qualityPerson": "杨光", "rcManagerDepartName": "滨海县市场监督管理局", "rcManagerUser": "李清华、胡婷婷", "startTime": "", "xkCompleteDate": null, "xkDate": "2024-04-08", "xkDateStr": "2019-04-09", "xkName": "王越", "xkProject": "", "xkRemark": "", "xkType": "201"}, {"businessLicenseNumber": "91350603337526374N", "businessPerson": "黄永金", "certStr": "一般液态单元（护发清洁类、护肤水类）；膏霜乳液单元（护发类、护肤清洁类）；蜡基单元（蜡基类）", "cityCode": "", "countyCode": "", "creatUser": "", "createTime": "", "endTime": "", "epsAddress": "福建省漳州市迎宾大道231号坤旺科技工业大楼（蓝田工业开发区横一路南）二楼", "epsName": "漳州怡嘉化妆品有限公司", "epsProductAddress": "福建省漳州市迎宾大道231号坤旺科技工业大楼（蓝田工业开发区横一路南）二楼", "id": "", "isimport": "N", "legalPerson": "黄永金", "offDate": "", "offReason": "", "parentid": "", "preid": "", "processid": "201812240808572064u0sf", "productSn": "闽妆20160007", "provinceCode": "", "qfDate": "", "qfManagerName": "福建省药品监督管理局", "qualityPerson": "罗发松", "rcManagerDepartName": "漳州市龙文区市场监督管理局蓝田市场监管所", "rcManagerUser": "吴少舟；许志宏", "startTime": "", "xkCompleteDate": null, "xkDate": "2021-09-08", "xkDateStr": "2019-04-09", "xkName": "张剑平", "xkProject": "", "xkRemark": "", "xkType": "206"}, {"businessLicenseNumber": "91320581MA1Q30Y805", "businessPerson": "徐之伟", "certStr": "一般液态单元（啫喱类、护发清洁类、护肤水类）；膏霜乳液单元（护发类、护肤清洁类、染烫发类）；粉单元（块状粉类、散粉类、浴盐类）；蜡基单元（蜡基类）", "cityCode": "", "countyCode": "", "creatUser": "", "createTime": "", "endTime": "", "epsAddress": "常熟市227省道辛庄段陶泾路旁", "epsName": "卡莱丽化妆品有限公司", "epsProductAddress": "江苏省苏州市常熟市辛庄镇辛庄大道46-3号", "id": "", "isimport": "N", "legalPerson": "徐之伟", "offDate": "", "offReason": "", "parentid": "", "preid": "", "processid": "20190321150313206sp46x", "productSn": "苏妆20180001", "provinceCode": "", "qfDate": "", "qfManagerName": "江苏省药品监督管理局", "qualityPerson": "杨飞", "rcManagerDepartName": "常熟市市场监督管理局", "rcManagerUser": "桑雪欣、沈卫忠", "startTime": "", "xkCompleteDate": null, "xkDate": "2023-01-11", "xkDateStr": "2019-04-08", "xkName": "陈建平", "xkProject": "", "xkRemark": "", "xkType": "206"}, {"businessLicenseNumber": "9132058375967254X1", "businessPerson": "严文珮", "certStr": "一般液态单元（啫喱类、护发清洁类、护肤水类）；膏霜乳液单元（护发类、护肤清洁类）；蜡基单元（蜡基类）", "cityCode": "", "countyCode": "", "creatUser": "", "createTime": "", "endTime": "", "epsAddress": "江苏省昆山开发区精密机械产业园天鹅路268号", "epsName": "昆山聚宝化妆礼品有限公司", "epsProductAddress": "江苏省昆山开发区精密机械产业园天鹅路268号", "id": "", "isimport": "N", "legalPerson": "何彦霆", "offDate": "", "offReason": "", "parentid": "", "preid": "", "processid": "20190326130325206wrq9v", "productSn": "苏妆20160064", "provinceCode": "", "qfDate": "", "qfManagerName": "江苏省药品监督管理局", "qualityPerson": "肖春霞", "rcManagerDepartName": "昆山市市场监督管理局", "rcManagerUser": "娄涵夫、庞倩", "startTime": "", "xkCompleteDate": null, "xkDate": "2021-08-04", "xkDateStr": "2019-04-08", "xkName": "陈建平", "xkProject": "", "xkRemark": "", "xkType": "206"}, {"businessLicenseNumber": "91320505596935287", "businessPerson": "郑玲", "certStr": "一般液态单元（护发清洁类、护肤水类）；膏霜乳液单元（护肤清洁类）；粉单元（块状粉类、染发类、散粉类）；蜡基单元（蜡基类）", "cityCode": "", "countyCode": "", "creatUser": "", "createTime": "", "endTime": "", "epsAddress": "苏州高新区珠江路521号", "epsName": "苏州安特化妆品股份有限公司", "epsProductAddress": "苏州高新区珠江路521号", "id": "", "isimport": "N", "legalPerson": "李继承", "offDate": "", "offReason": "", "parentid": "", "preid": "", "processid": "20190321153342206gaeqs", "productSn": "苏妆20160032", "provinceCode": "", "qfDate": "", "qfManagerName": "江苏省药品监督管理局", "qualityPerson": "崇桂林", "rcManagerDepartName": "苏州高新区（虎丘区）市场监督管理局", "rcManagerUser": "董亮、何东宇、朱秀兰、徐新杰", "startTime": "", "xkCompleteDate": null, "xkDate": "2021-06-06", "xkDateStr": "2019-04-08", "xkName": "陈建平", "xkProject": "", "xkRemark": "", "xkType": "206"}, {"businessLicenseNumber": "91360803MA35P2WM23", "businessPerson": "罗秋根", "certStr": "一般液态单元（护肤水类）；膏霜乳液单元（护肤清洁类）；气雾剂及有机溶剂单元（有机溶剂类）", "cityCode": "", "countyCode": "", "creatUser": "", "createTime": "", "endTime": "", "epsAddress": "江西省吉安市青原区河东经济开发区控规C12-4地块2#厂房", "epsName": "江西省中香生物科技有限公司", "epsProductAddress": "江西省吉安市青原区河东经济开发区控规C12-4地块2#厂房三楼", "id": "", "isimport": "N", "legalPerson": "罗秋根", "offDate": "", "offReason": "", "parentid": "", "preid": "", "processid": "20190215165321201e5iwk", "productSn": "赣妆20190002", "provinceCode": "", "qfDate": "", "qfManagerName": "江西省药品监督管理局", "qualityPerson": "张华锦", "rcManagerDepartName": "吉安市青原区市场监督管理局", "rcManagerUser": "罗群、曹利珍", "startTime": "", "xkCompleteDate": null, "xkDate": "2024-04-07", "xkDateStr": "2019-04-08", "xkName": "吴维", "xkProject": "", "xkRemark": "", "xkType": "201"}, {"businessLicenseNumber": "91320281142263113X", "businessPerson": "孔葵生", "certStr": "一般液态单元（护肤水类）；气雾剂及有机溶剂单元（气雾剂类）", "cityCode": "", "countyCode": "", "creatUser": "", "createTime": "", "endTime": "", "epsAddress": "江阴市徐霞客镇上东村上东路2号（生产场所：江阴市徐霞客镇上东村上东路6号）", "epsName": "无锡市伙伴日化科技有限公司", "epsProductAddress": "江阴市徐霞客镇上东村上东路6号", "id": "", "isimport": "N", "legalPerson": "孔葵生", "offDate": "", "offReason": "", "parentid": "", "preid": "", "processid": "20181212091900202ss0a7", "productSn": "苏妆20160085", "provinceCode": "", "qfDate": "", "qfManagerName": "江苏省药品监督管理局", "qualityPerson": "黄建萍", "rcManagerDepartName": "江阴市市场监督管理局", "rcManagerUser": "黄圆缘    张凌贤", "startTime": "", "xkCompleteDate": null, "xkDate": "2024-04-06", "xkDateStr": "2019-04-06", "xkName": "庄  志", "xkProject": "", "xkRemark": "", "xkType": "202"}, {"businessLicenseNumber": "91440116783786352L", "businessPerson": "胡兴国", "certStr": "一般液态单元（护发清洁类、护肤水类、啫喱类）；膏霜乳液单元（护肤清洁类、护发类）；粉单元（散粉类）；蜡基单元（蜡基类）", "cityCode": "", "countyCode": "", "creatUser": "", "createTime": "", "endTime": "", "epsAddress": "广州高新技术产业开发区广州科学城科林路15号", "epsName": "广州环亚化妆品科技有限公司", "epsProductAddress": "广州高新技术产业开发区广州科学城科林路15号\r\n广州经济技术开发区开拓路9号", "id": "", "isimport": "Y", "legalPerson": "胡兴国", "offDate": "", "offReason": "", "parentid": "", "preid": "", "processid": "", "productSn": "粤妆20160091", "provinceCode": "", "qfDate": "", "qfManagerName": "广东省药品监督管理局", "qualityPerson": "陈亮", "rcManagerDepartName": "开发区市场和质量监督管理局", "rcManagerUser": "罗宏彪、刘斌", "startTime": "", "xkCompleteDate": null, "xkDate": "2024-04-03", "xkDateStr": "2019-04-04", "xkName": "严振", "xkProject": "", "xkRemark": "无", "xkType": "206"}, {"businessLicenseNumber": "91420116MA4KXGEU0E", "businessPerson": "张修志", "certStr": "一般液态单元（护肤水类）", "cityCode": "", "countyCode": "", "creatUser": "", "createTime": "", "endTime": "", "epsAddress": "武汉市黄陂区武湖农场青龙分场木兰谷武湖工业厂房7幢6层", "epsName": "武汉天时维生物科技有限公司", "epsProductAddress": "武汉市黄陂区武湖农场青龙分场木兰谷武湖工业厂房7幢6层", "id": "", "isimport": "N", "legalPerson": "杨红", "offDate": "", "offReason": "", "parentid": "", "preid": "", "processid": "20190402094803201aoqxb", "productSn": "鄂妆20190005", "provinceCode": "", "qfDate": "", "qfManagerName": "武汉市市场监督管理局", "qualityPerson": "李宗超", "rcManagerDepartName": "武汉市黄陂区市场监督管理局", "rcManagerUser": "张东明、周耀兰", "startTime": "", "xkCompleteDate": null, "xkDate": "2024-04-03", "xkDateStr": "2019-04-04", "xkName": "林幸华", "xkProject": "", "xkRemark": "", "xkType": "201"}, {"businessLicenseNumber": "91330702MA2E52F609", "businessPerson": "张强伟", "certStr": "粉单元（块状粉类）；蜡基单元（蜡基类）； ", "cityCode": "", "countyCode": "", "creatUser": "", "createTime": "", "endTime": "", "epsAddress": "浙江省金华市婺城区彩虹路198号", "epsName": "金华市丹霓丝化妆品有限公司", "epsProductAddress": "浙江省金华市婺城区彩虹路198号", "id": "", "isimport": "Y", "legalPerson": "方小丹", "offDate": "", "offReason": "", "parentid": "", "preid": "", "processid": "", "productSn": "浙妆20190011", "provinceCode": "", "qfDate": "", "qfManagerName": "浙江省药品监督管理局", "qualityPerson": "嵇鑫刚", "rcManagerDepartName": "金华市金东区市场监督管理局", "rcManagerUser": "吕一强，鄢妮", "startTime": "", "xkCompleteDate": null, "xkDate": "2024-04-02", "xkDateStr": "2019-04-03", "xkName": "陈智慧", "xkProject": "", "xkRemark": "仅供出口", "xkType": "201"}, {"businessLicenseNumber": "91350200776045513K", "businessPerson": "刘吉昌", "certStr": "一般液态单元（啫喱类、护发清洁类、护肤水类）；膏霜乳液单元（护发类、护肤清洁类）；粉单元（块状粉类、散粉类）；蜡基单元（蜡基类）", "cityCode": "", "countyCode": "", "creatUser": "", "createTime": "", "endTime": "", "epsAddress": "厦门市同安区西福路69号（3#厂房、7#厂房）", "epsName": "厦门上新日用化学制品有限公司", "epsProductAddress": "厦门市同安区西福路69号（3#厂房、7#厂房）", "id": "", "isimport": "N", "legalPerson": "林逸仪", "offDate": "", "offReason": "", "parentid": "", "preid": "", "processid": "20180411151615206kr6sa", "productSn": "闽妆20160016", "provinceCode": "", "qfDate": "", "qfManagerName": "福建省药品监督管理局", "qualityPerson": "刘吉昌", "rcManagerDepartName": "厦门市市场监督管理局", "rcManagerUser": "王春明；金剑华", "startTime": "", "xkCompleteDate": null, "xkDate": "2021-10-18", "xkDateStr": "2019-04-03", "xkName": "张剑平", "xkProject": "", "xkRemark": "", "xkType": "206"}, {"businessLicenseNumber": "91310000759596161A", "businessPerson": "1.陈晓跃；2.邱荣其", "certStr": "1.一般液态单元（护发清洁类、护肤水类#）；膏霜乳液单元（护肤清洁类#、护发类）；粉单元（散粉类、块状粉类）；气雾剂及有机溶剂单元（有机溶剂类）；蜡基单元（蜡基类）***注：#表示具备眼部用护肤类、婴儿和儿童用护肤类化妆品生产条件；\r\n2.", "cityCode": "", "countyCode": "", "creatUser": "", "createTime": "", "endTime": "", "epsAddress": "上海市松江区洞泾镇同顺路38号1幢1-3层", "epsName": "上海家诺华化妆品有限公司", "epsProductAddress": "地址1.上海市松江区洞泾镇同顺路38号1幢1-3层；地址2.上海市松江区洞泾镇同顺路38号1幢1-3层", "id": "", "isimport": "Y", "legalPerson": "邱荣其", "offDate": "", "offReason": "", "parentid": "", "preid": "", "processid": "", "productSn": "沪妆20160041", "provinceCode": "", "qfDate": "", "qfManagerName": "上海市药品监督管理局", "qualityPerson": "程骏", "rcManagerDepartName": "上海市松江区市场监督管理局", "rcManagerUser": "汤晓平、柏俊华", "startTime": "", "xkCompleteDate": null, "xkDate": "2021-11-01", "xkDateStr": "2019-04-02", "xkName": "闻大翔", "xkProject": "", "xkRemark": "", "xkType": "206"}, {"businessLicenseNumber": "91441900MA5221XNXW", "businessPerson": "王浩", "certStr": "一般液态单元（护发清洁类、护肤水类）；膏霜乳液单元（护肤清洁类、护发类）", "cityCode": "", "countyCode": "", "creatUser": "", "createTime": "", "endTime": "", "epsAddress": "东莞松山湖高新技术产业开发区阿里山路19号产业化中心6栋4楼", "epsName": "宇肽生物（东莞）有限公司", "epsProductAddress": "东莞松山湖高新技术产业开发区阿里山路19号产业化中心6栋4楼", "id": "", "isimport": "Y", "legalPerson": "丁文锋", "offDate": "", "offReason": "", "parentid": "", "preid": "", "processid": "", "productSn": "粤妆20190075", "provinceCode": "", "qfDate": "", "qfManagerName": "广东省药品监督管理局", "qualityPerson": "刘爱丽", "rcManagerDepartName": "东莞市市场监督管理局", "rcManagerUser": "黄发德、吴宇强", "startTime": "", "xkCompleteDate": null, "xkDate": "2024-03-31", "xkDateStr": "2019-04-01", "xkName": "严振", "xkProject": "", "xkRemark": "无", "xkType": "201"}, {"businessLicenseNumber": "320682000293863", "businessPerson": "张斌", "certStr": "一般液态单元（护发清洁类）；膏霜乳液单元（护发类、护肤清洁类）；蜡基单元（蜡基类）", "cityCode": "", "countyCode": "", "creatUser": "", "createTime": "", "endTime": "", "epsAddress": "如皋市城北街道育贤路118号", "epsName": "南通优护优家卫生用品有限公司", "epsProductAddress": "如皋市城北街道育贤路118号", "id": "", "isimport": "N", "legalPerson": "朱明亮", "offDate": "", "offReason": "", "parentid": "", "preid": "", "processid": "20190305133851206s8wsf", "productSn": "苏妆20170007", "provinceCode": "", "qfDate": "", "qfManagerName": "江苏省药品监督管理局", "qualityPerson": "姚栋珣", "rcManagerDepartName": "如皋市市场监督管理局", "rcManagerUser": "孙宏斌、邹继平", "startTime": "", "xkCompleteDate": null, "xkDate": "2022-03-07", "xkDateStr": "2019-04-01", "xkName": "曹淞云", "xkProject": "", "xkRemark": "", "xkType": "206"}, {"businessLicenseNumber": "91320600771508531C", "businessPerson": "杨振兴", "certStr": "一般液态单元（啫喱类、护肤水类）；膏霜乳液单元（护肤清洁类）", "cityCode": "", "countyCode": "", "creatUser": "", "createTime": "", "endTime": "", "epsAddress": "南通港闸开发区永康路八号", "epsName": "江苏百益制药有限公司", "epsProductAddress": "南通港闸开发区永康路八号", "id": "", "isimport": "N", "legalPerson": "杨振兴", "offDate": "", "offReason": "", "parentid": "", "preid": "", "processid": "20190115140324202dapy1", "productSn": "苏妆20160039", "provinceCode": "", "qfDate": "", "qfManagerName": "江苏省药品监督管理局", "qualityPerson": "季克如", "rcManagerDepartName": "南通市食品药品监管局", "rcManagerUser": "花慧、陈颖", "startTime": "", "xkCompleteDate": null, "xkDate": "2024-05-16", "xkDateStr": "2019-04-01", "xkName": "曹淞云", "xkProject": "", "xkRemark": "", "xkType": "202"}, {"businessLicenseNumber": "9115020475258650XM", "businessPerson": "董美平", "certStr": "一般液态单元（护发清洁类、护肤水类）", "cityCode": "", "countyCode": "", "creatUser": "", "createTime": "", "endTime": "", "epsAddress": "内蒙古自治区包头市九原区哈业胡同镇打不素二村1栋1号", "epsName": "内蒙古嘉美生物科技有限公司", "epsProductAddress": "内蒙古自治区包头市九原区哈业胡同镇打不素二村1栋1号", "id": "", "isimport": "N", "legalPerson": "董美平", "offDate": "", "offReason": "", "parentid": "", "preid": "", "processid": "201904121222432061a72g", "productSn": "内妆20170002", "provinceCode": "", "qfDate": "", "qfManagerName": "内蒙古自治区药品监督管理局", "qualityPerson": "徐嘉诚", "rcManagerDepartName": "包头市市场监督管理局", "rcManagerUser": "田秀芬 韩向锋", "startTime": "", "xkCompleteDate": null, "xkDate": "2022-03-24", "xkDateStr": "2019-03-29", "xkName": "杨凤屹", "xkProject": "", "xkRemark": "", "xkType": "206"}, {"businessLicenseNumber": "913706007850224950", "businessPerson": "况海滨", "certStr": "一般液态单元（护肤水类）,膏霜乳液单元（护肤清洁类）", "cityCode": "", "countyCode": "", "creatUser": "", "createTime": "", "endTime": "", "epsAddress": "烟台市芝罘区大信路9号", "epsName": "烟台杰熙佳桜化妆品有限公司", "epsProductAddress": "烟台市福山区电信路530号", "id": "", "isimport": "Y", "legalPerson": "况海滨", "offDate": "", "offReason": "", "parentid": "", "preid": "", "processid": "", "productSn": "鲁妆20160037", "provinceCode": "", "qfDate": "", "qfManagerName": "山东省食品药品监督管理局", "qualityPerson": "况郝", "rcManagerDepartName": "烟台市芝罘区市场监督管理局", "rcManagerUser": "李笑菡  周立军", "startTime": "", "xkCompleteDate": null, "xkDate": "2021-10-07", "xkDateStr": "2019-03-29", "xkName": "王建政", "xkProject": "", "xkRemark": "无", "xkType": "206"}, {"businessLicenseNumber": "91450221MA5L44FA5B", "businessPerson": "罗正誉", "certStr": "一般液态单元（护发清洁类、护肤水类）；膏霜乳液单元（护发类、护肤清洁类）", "cityCode": "", "countyCode": "", "creatUser": "", "createTime": "", "endTime": "", "epsAddress": "象州县工业园区石龙片区A区标准厂房2号楼三楼", "epsName": "广西瑶丹生物科技有限责任公司", "epsProductAddress": "象州县工业园区石龙片区A区标准厂房2号楼三楼", "id": "", "isimport": "N", "legalPerson": "刘智慧", "offDate": "", "offReason": "", "parentid": "", "preid": "", "processid": "201812211530272069dqdr", "productSn": "桂妆20180001", "provinceCode": "", "qfDate": "", "qfManagerName": "广西壮族自治区药品监督管理局", "qualityPerson": "韦勇军", "rcManagerDepartName": "象州县食品药品监督管理局", "rcManagerUser": "黄海菊、袁春琼", "startTime": "", "xkCompleteDate": null, "xkDate": "2022-12-26", "xkDateStr": "2019-03-29", "xkName": "廖云", "xkProject": "", "xkRemark": "", "xkType": "206"}, {"businessLicenseNumber": "91360982MA36584J8F", "businessPerson": "付小梅", "certStr": "一般液态单元（护发清洁类、护肤水类）；膏霜乳液单元（护肤清洁类）；气雾剂及有机溶剂单元（有机溶剂类）", "cityCode": "", "countyCode": "", "creatUser": "", "createTime": "", "endTime": "", "epsAddress": "江西省宜春市樟树市城北经济技术开发区", "epsName": "江西七草药业有限公司", "epsProductAddress": "江西省宜春市樟树市城北经济技术开发区", "id": "", "isimport": "N", "legalPerson": "付小梅", "offDate": "", "offReason": "", "parentid": "", "preid": "", "processid": "20190318144731206chwig", "productSn": "赣妆20180009", "provinceCode": "", "qfDate": "", "qfManagerName": "江西省药品监督管理局", "qualityPerson": "虞艳红", "rcManagerDepartName": "江西省樟树药品监督管理局", "rcManagerUser": "邹文英、邹建强", "startTime": "", "xkCompleteDate": null, "xkDate": "2023-04-10", "xkDateStr": "2019-03-29", "xkName": "吴维", "xkProject": "", "xkRemark": "", "xkType": "206"}, {"businessLicenseNumber": "91510122551070160M", "businessPerson": "邹灿", "certStr": "一般液态单元（啫喱类、护肤水类）；膏霜乳液单元（护肤清洁类）", "cityCode": "", "countyCode": "", "creatUser": "", "createTime": "", "endTime": "", "epsAddress": "成都蛟龙工业港双流园区新华大道25座", "epsName": "成都宇泽联华生物科技有限公司", "epsProductAddress": "成都蛟龙工业港双流园区新华大道25座", "id": "", "isimport": "N", "legalPerson": "邹灿", "offDate": "", "offReason": "", "parentid": "", "preid": "", "processid": "20190327095111206s7471", "productSn": "川妆20160032", "provinceCode": "", "qfDate": "", "qfManagerName": "四川省药品监督管理局", "qualityPerson": "舒展", "rcManagerDepartName": "成都市双流区食品药品监督管理局", "rcManagerUser": "廖玉芬，罗燕", "startTime": "", "xkCompleteDate": null, "xkDate": "2021-12-06", "xkDateStr": "2019-03-29", "xkName": "张庆营", "xkProject": "", "xkRemark": "", "xkType": "206"}, {"businessLicenseNumber": "91440513MA52XP3K92", "businessPerson": "马灿勇", "certStr": "一般液态单元（护发清洁类、护肤水类、啫喱类）；膏霜乳液单元（护肤清洁类、护发类）；粉单元（散粉类、块状粉类、浴盐类）；蜡基单元（蜡基类）", "cityCode": "", "countyCode": "", "creatUser": "", "createTime": "", "endTime": "", "epsAddress": "汕头市潮阳区和平镇新和惠路西凤善居委深隙洋工业区", "epsName": "汕头市琪缘化妆品有限公司", "epsProductAddress": "汕头市潮阳区和平镇新和惠路西凤善居委深隙洋工业区1号", "id": "", "isimport": "Y", "legalPerson": "马灿勇", "offDate": "", "offReason": "", "parentid": "", "preid": "", "processid": "", "productSn": "粤妆20190073", "provinceCode": "", "qfDate": "", "qfManagerName": "广东省药品监督管理局", "qualityPerson": "陈俊健", "rcManagerDepartName": "汕头市潮阳区市场监督管理局", "rcManagerUser": "由日常监督管理机构指定", "startTime": "", "xkCompleteDate": null, "xkDate": "2024-03-27", "xkDateStr": "2019-03-28", "xkName": "严振", "xkProject": "", "xkRemark": "无", "xkType": "201"}, {"businessLicenseNumber": "91440511892776188T", "businessPerson": "蔡俊峰", "certStr": "一般液态单元（护发清洁类、护肤水类、啫喱类）；膏霜乳液单元（护肤清洁类、护发类）", "cityCode": "", "countyCode": "", "creatUser": "", "createTime": "", "endTime": "", "epsAddress": "汕头市龙湖区华山路47号龙湖工业区高野大厦第四层西侧之一", "epsName": "汕头经济特区法佳利化妆品厂", "epsProductAddress": "汕头市龙湖区华山路47号龙湖工业区高野大厦第四层西侧之一", "id": "", "isimport": "Y", "legalPerson": "李婵君", "offDate": "", "offReason": "", "parentid": "", "preid": "", "processid": "", "productSn": "粤妆20190072", "provinceCode": "", "qfDate": "", "qfManagerName": "广东省药品监督管理局", "qualityPerson": "李婵君", "rcManagerDepartName": "汕头市龙湖区市场监督管理局", "rcManagerUser": "由日常监督管理机构指定", "startTime": "", "xkCompleteDate": null, "xkDate": "2024-03-27", "xkDateStr": "2019-03-28", "xkName": "严振", "xkProject": "", "xkRemark": "无", "xkType": "206"}, {"businessLicenseNumber": "91440514MA52X8M26F", "businessPerson": "周海桂", "certStr": "一般液态单元（护发清洁类、护肤水类、啫喱类）；膏霜乳液单元（护肤清洁类、护发类）；粉单元（散粉类、块状粉类、浴盐类）；蜡基单元（蜡基类）", "cityCode": "", "countyCode": "", "creatUser": "", "createTime": "", "endTime": "", "epsAddress": "汕头市潮南区峡山街道桃溪桃内南区三巷19号", "epsName": "汕头市绅逸生物科技有限公司", "epsProductAddress": "汕头市潮南区峡山街道桃溪桃内南区三巷19号", "id": "", "isimport": "Y", "legalPerson": "周海桂", "offDate": "", "offReason": "", "parentid": "", "preid": "", "processid": "", "productSn": "粤妆20190071", "provinceCode": "", "qfDate": "", "qfManagerName": "广东省药品监督管理局", "qualityPerson": "周倩文", "rcManagerDepartName": "汕头市潮南区市场监督管理局", "rcManagerUser": "由日常监督管理机构指定", "startTime": "", "xkCompleteDate": null, "xkDate": "2024-03-27", "xkDateStr": "2019-03-28", "xkName": "严振", "xkProject": "", "xkRemark": "无", "xkType": "201"}, {"businessLicenseNumber": "91440514MA526JA22T", "businessPerson": "吴如珠", "certStr": "一般液态单元（护发清洁类、护肤水类、啫喱类）；膏霜乳液单元（护肤清洁类、护发类）", "cityCode": "", "countyCode": "", "creatUser": "", "createTime": "", "endTime": "", "epsAddress": "汕头市潮南区峡山街道西港大坟洋工业区茂德楼第三层", "epsName": "汕头市拉影化妆品有限公司", "epsProductAddress": "汕头市潮南区峡山街道西港大坟洋工业区茂德楼第三层", "id": "", "isimport": "Y", "legalPerson": "吴如珠", "offDate": "", "offReason": "", "parentid": "", "preid": "", "processid": "", "productSn": "粤妆20190070", "provinceCode": "", "qfDate": "", "qfManagerName": "广东省药品监督管理局", "qualityPerson": "连财添", "rcManagerDepartName": "汕头市潮南区市场监督管理局", "rcManagerUser": "由日常监督管理机构指定", "startTime": "", "xkCompleteDate": null, "xkDate": "2024-03-27", "xkDateStr": "2019-03-28", "xkName": "严振", "xkProject": "", "xkRemark": "无", "xkType": "201"}, {"businessLicenseNumber": "91440514MA52XNM86T", "businessPerson": "周耿增", "certStr": "气雾剂及有机溶剂单元（有机溶剂类）", "cityCode": "", "countyCode": "", "creatUser": "", "createTime": "", "endTime": "", "epsAddress": "汕头市潮南区峡山街道练南乡石尾岐必佳工业园B区3栋3楼", "epsName": "汕头市漫芬化妆品有限公司", "epsProductAddress": "汕头市潮南区峡山街道练南乡石尾岐必佳工业园B区3栋3楼", "id": "", "isimport": "Y", "legalPerson": "周耿增", "offDate": "", "offReason": "", "parentid": "", "preid": "", "processid": "", "productSn": "粤妆20190069", "provinceCode": "", "qfDate": "", "qfManagerName": "广东省药品监督管理局", "qualityPerson": "连少萍", "rcManagerDepartName": "汕头市潮南区市场监督管理局", "rcManagerUser": "由日常监督管理机构指定", "startTime": "", "xkCompleteDate": null, "xkDate": "2024-03-27", "xkDateStr": "2019-03-28", "xkName": "严振", "xkProject": "", "xkRemark": "无", "xkType": "201"}, {"businessLicenseNumber": "91440400MA520MCB4E", "businessPerson": "张慈芳", "certStr": "一般液态单元（护肤水类、啫喱类）；膏霜乳液单元（护肤清洁类、护发类）", "cityCode": "", "countyCode": "", "creatUser": "", "createTime": "", "endTime": "", "epsAddress": "珠海市香洲区永南路33号1栋2楼205-209号厂房", "epsName": "珠海双兔生物科技有限公司", "epsProductAddress": "珠海市香洲区永南路33号1栋2楼205-209号", "id": "", "isimport": "Y", "legalPerson": "张慈芳", "offDate": "", "offReason": "", "parentid": "", "preid": "", "processid": "", "productSn": "粤妆20190066", "provinceCode": "", "qfDate": "", "qfManagerName": "广东省药品监督管理局", "qualityPerson": "苏志军", "rcManagerDepartName": "珠海市市场监督管理局", "rcManagerUser": "贾立平  林岱漫", "startTime": "", "xkCompleteDate": null, "xkDate": "2024-03-27", "xkDateStr": "2019-03-28", "xkName": "严振", "xkProject": "", "xkRemark": "无", "xkType": "201"}, {"businessLicenseNumber": "912224027493329040", "businessPerson": "顾正平", "certStr": "一般液态单元（护发清洁类、护肤水类）；膏霜乳液单元（护发类、护肤清洁类）", "cityCode": "", "countyCode": "", "creatUser": "", "createTime": "", "endTime": "", "epsAddress": "吉林省图们市经济开发区枫梧大路亲商街318号", "epsName": "吉林正德药业有限公司", "epsProductAddress": "吉林省图们市经济开发区枫梧大路亲商街318号", "id": "", "isimport": "N", "legalPerson": "王艳丽", "offDate": "", "offReason": "", "parentid": "", "preid": "", "processid": "201903250801492067p1xx", "productSn": "吉妆20160011", "provinceCode": "", "qfDate": "", "qfManagerName": "吉林省食品药品监督管理局", "qualityPerson": "顾正平", "rcManagerDepartName": "图们市市场和质量监督管理局", "rcManagerUser": "邹丽伟、沙颖", "startTime": "", "xkCompleteDate": null, "xkDate": "2023-10-22", "xkDateStr": "2019-03-28", "xkName": "", "xkProject": "", "xkRemark": "", "xkType": "206"}, {"businessLicenseNumber": "91510181MA61UW8B0P", "businessPerson": "袁玉萍", "certStr": "一般液态单元（啫喱类、护肤水类）；膏霜乳液单元（护肤清洁类）", "cityCode": "", "countyCode": "", "creatUser": "", "createTime": "", "endTime": "", "epsAddress": "四川省成都市都江堰市四川都江堰经济开发区堰华路618号都江堰市中小企业园8号楼二层", "epsName": "成都栩柏雅生物科技有限公司", "epsProductAddress": "四川省成都市都江堰市四川都江堰经济开发区堰华路618号都江堰市中小企业园8号楼二层", "id": "", "isimport": "N", "legalPerson": "王飞", "offDate": "", "offReason": "", "parentid": "", "preid": "", "processid": "2019032309093020644enj", "productSn": "川妆20180002", "provinceCode": "", "qfDate": "", "qfManagerName": "四川省药品监督管理局", "qualityPerson": "秦潇", "rcManagerDepartName": "都江堰市场和质量监督管理局", "rcManagerUser": "梁英、杨昱晟", "startTime": "", "xkCompleteDate": null, "xkDate": "2023-07-11", "xkDateStr": "2019-03-28", "xkName": "张庆营", "xkProject": "", "xkRemark": "", "xkType": "206"}, {"businessLicenseNumber": "91440507MA52Y25C9G", "businessPerson": "黄钰梅", "certStr": "一般液态单元（护发清洁类、护肤水类、啫喱类）；膏霜乳液单元（护肤清洁类、护发类）", "cityCode": "", "countyCode": "", "creatUser": "", "createTime": "", "endTime": "", "epsAddress": "汕头市龙湖区汕汾路北、嵩山路西通用厂房B幢二、三层", "epsName": "广东圆方生态科技有限公司", "epsProductAddress": "汕头市龙湖区汕汾路北、嵩山路西通用厂房B幢二、三层", "id": "", "isimport": "Y", "legalPerson": "黄钰梅", "offDate": "", "offReason": "", "parentid": "", "preid": "", "processid": "", "productSn": "粤妆20190068", "provinceCode": "", "qfDate": "", "qfManagerName": "广东省药品监督管理局", "qualityPerson": "陈友达", "rcManagerDepartName": "汕头市龙湖区市场监督管理局", "rcManagerUser": "由日常监督管理机构指定", "startTime": "", "xkCompleteDate": null, "xkDate": "2024-03-26", "xkDateStr": "2019-03-27", "xkName": "严振", "xkProject": "", "xkRemark": "无", "xkType": "201"}, {"businessLicenseNumber": "91440515MA51KT1525", "businessPerson": "郑雪玉", "certStr": "粉单元（散粉类）", "cityCode": "", "countyCode": "", "creatUser": "", "createTime": "", "endTime": "", "epsAddress": "汕头市澄海区莲下镇管陇工业区", "epsName": "汕头市优美日化实业有限公司", "epsProductAddress": "汕头市澄海区莲下镇管陇工业区2号", "id": "", "isimport": "Y", "legalPerson": "郑雪玉", "offDate": "", "offReason": "", "parentid": "", "preid": "", "processid": "", "productSn": "粤妆20190067", "provinceCode": "", "qfDate": "", "qfManagerName": "广东省药品监督管理局", "qualityPerson": "林树福", "rcManagerDepartName": "汕头市澄海区市场监督管理局", "rcManagerUser": "由日常监督管理机构指定", "startTime": "", "xkCompleteDate": null, "xkDate": "2024-03-26", "xkDateStr": "2019-03-27", "xkName": "严振", "xkProject": "", "xkRemark": "无", "xkType": "201"}, {"businessLicenseNumber": "91440101MA5CJ5PC15", "businessPerson": "张光林", "certStr": "一般液态单元（护发清洁类、护肤水类、啫喱类）；膏霜乳液单元（护肤清洁类、护发类）", "cityCode": "", "countyCode": "", "creatUser": "", "createTime": "", "endTime": "", "epsAddress": "广州市花都区镜湖大道石塘工业区富源一路自编1号A栋二楼", "epsName": "广州柏文生物科技发展有限公司", "epsProductAddress": "广州市花都区镜湖大道石塘工业区富源一路自编1号A栋二楼A区、一楼B区", "id": "", "isimport": "Y", "legalPerson": "张光林", "offDate": "", "offReason": "", "parentid": "", "preid": "", "processid": "", "productSn": "粤妆20190065", "provinceCode": "", "qfDate": "", "qfManagerName": "广东省药品监督管理局", "qualityPerson": "冯丽霞", "rcManagerDepartName": "花都区局新华食品药品监管所", "rcManagerUser": "马创青、钟志文", "startTime": "", "xkCompleteDate": null, "xkDate": "2024-03-26", "xkDateStr": "2019-03-27", "xkName": "严振", "xkProject": "", "xkRemark": "无", "xkType": "201"}, {"businessLicenseNumber": "91440113331442081G", "businessPerson": "颜浩", "certStr": "一般液态单元（护发清洁类、护肤水类、啫喱类）；膏霜乳液单元（护肤清洁类、护发类）", "cityCode": "", "countyCode": "", "creatUser": "", "createTime": "", "endTime": "", "epsAddress": "广州市南沙区东涌镇大鱼公路340号（自编2栋（厂房2））（部位：401）", "epsName": "广州紫竹花化妆品有限公司", "epsProductAddress": "广州市南沙区东涌镇大鱼公路340号（自编2栋（厂房2））（部位：401）", "id": "", "isimport": "Y", "legalPerson": "颜浩", "offDate": "", "offReason": "", "parentid": "", "preid": "", "processid": "", "productSn": "粤妆20190064", "provinceCode": "", "qfDate": "", "qfManagerName": "广东省药品监督管理局", "qualityPerson": "江华", "rcManagerDepartName": "南沙区市场和质量监督管理局东涌所", "rcManagerUser": "吴素荣、何志华、陈文胜", "startTime": "", "xkCompleteDate": null, "xkDate": "2024-03-26", "xkDateStr": "2019-03-27", "xkName": "严振", "xkProject": "", "xkRemark": "无", "xkType": "201"}, {"businessLicenseNumber": "91440513680570612L", "businessPerson": "马成根", "certStr": "粉单元（散粉类、块状粉类）；蜡基单元（蜡基类）", "cityCode": "", "countyCode": "", "creatUser": "", "createTime": "", "endTime": "", "epsAddress": "汕头市潮阳区和平镇新大桥东南侧（沿江路168号之二）第七层", "epsName": "汕头市欣妮施化妆品有限公司", "epsProductAddress": "汕头市潮阳区和平镇新大桥东南侧（沿江路168号之二）第七层", "id": "", "isimport": "Y", "legalPerson": "马发雨", "offDate": "", "offReason": "", "parentid": "", "preid": "", "processid": "", "productSn": "粤妆20190063", "provinceCode": "", "qfDate": "", "qfManagerName": "广东省药品监督管理局", "qualityPerson": "王燕青", "rcManagerDepartName": "汕头市潮阳区市场监督管理局", "rcManagerUser": "由日常监督管理机构指定", "startTime": "", "xkCompleteDate": null, "xkDate": "2024-03-26", "xkDateStr": "2019-03-27", "xkName": "严振", "xkProject": "", "xkRemark": "无", "xkType": "201"}, {"businessLicenseNumber": "91441323MA4UJTT33X", "businessPerson": "何茂新", "certStr": "一般液态单元（护发清洁类、护肤水类）；膏霜乳液单元（护发类）", "cityCode": "", "countyCode": "", "creatUser": "", "createTime": "", "endTime": "", "epsAddress": "惠东县多祝镇平江村", "epsName": "惠州市喜象环保科技有限公司", "epsProductAddress": "惠东县多祝镇平江村", "id": "", "isimport": "Y", "legalPerson": "黄荣权", "offDate": "", "offReason": "", "parentid": "", "preid": "", "processid": "", "productSn": "粤妆20190062", "provinceCode": "", "qfDate": "", "qfManagerName": "广东省药品监督管理局", "qualityPerson": "谢飞燕", "rcManagerDepartName": "惠东县市场监督管理局", "rcManagerUser": "林石生、左雄辉", "startTime": "", "xkCompleteDate": null, "xkDate": "2024-03-26", "xkDateStr": "2019-03-27", "xkName": "严振", "xkProject": "", "xkRemark": "无", "xkType": "201"}, {"businessLicenseNumber": "91500113091202141E", "businessPerson": "杨陈", "certStr": "膏霜乳液单元（护肤清洁类）", "cityCode": "", "countyCode": "", "creatUser": "", "createTime": "", "endTime": "", "epsAddress": "重庆市巴南区木洞镇水口寺村重庆麻柳沿江开发区科技孵化楼A5栋", "epsName": "艾伯尔生物科技（重庆）有限公司", "epsProductAddress": "重庆市巴南区木洞镇水口寺村重庆麻柳沿江开发区科技孵化楼A5栋", "id": "", "isimport": "N", "legalPerson": "杨陈", "offDate": "", "offReason": "", "parentid": "", "preid": "", "processid": "20190116153451201qpjyj", "productSn": "渝妆20190001", "provinceCode": "", "qfDate": "", "qfManagerName": "重庆市药品监督管理局", "qualityPerson": "文贻才", "rcManagerDepartName": "重庆市药品监督管理局检查三局", "rcManagerUser": "吴勇 唐欢", "startTime": "", "xkCompleteDate": null, "xkDate": "2024-03-26", "xkDateStr": "2019-03-27", "xkName": "赵勇", "xkProject": "", "xkRemark": "", "xkType": "201"}, {"businessLicenseNumber": "91371200MA3D8LRY5D", "businessPerson": "赵新", "certStr": "一般液态单元（护肤水类），膏霜乳液单元（护肤清洁类），粉单元（散粉类），蜡基单元（蜡基类）", "cityCode": "", "countyCode": "", "creatUser": "", "createTime": "", "endTime": "", "epsAddress": "山东省莱芜高新区李陈庄工业园金源路6号", "epsName": "山东美貌制药有限公司", "epsProductAddress": "山东省莱芜高新区李陈庄工业园金源路6号", "id": "", "isimport": "Y", "legalPerson": "王鹏", "offDate": "", "offReason": "", "parentid": "", "preid": "", "processid": "", "productSn": "鲁妆20190003", "provinceCode": "", "qfDate": "", "qfManagerName": "山东省食品药品监督管理局", "qualityPerson": "陈洪霞", "rcManagerDepartName": "莱芜高新技术产业开发区市场监督管理局", "rcManagerUser": "何亮，段绍苗", "startTime": "", "xkCompleteDate": null, "xkDate": "2024-03-25", "xkDateStr": "2019-03-26", "xkName": "史国生", "xkProject": "", "xkRemark": "无", "xkType": "201"}, {"businessLicenseNumber": "140000200030137", "businessPerson": "付骏峰", "certStr": "一般液态单元（护发清洁类）；膏霜乳液单元（护肤清洁类）", "cityCode": "", "countyCode": "", "creatUser": "", "createTime": "", "endTime": "", "epsAddress": "山西省太原市尖草坪区新店街10号", "epsName": "山西水芙蓉日化有限公司", "epsProductAddress": "山西省太原市尖草坪区新店街10号", "id": "", "isimport": "N", "legalPerson": "付骏峰", "offDate": "", "offReason": "", "parentid": "", "preid": "", "processid": "201807050827242067ujdv", "productSn": "晋妆20160004", "provinceCode": "", "qfDate": "", "qfManagerName": "山西省食品药品监督管理局", "qualityPerson": "王婷婷", "rcManagerDepartName": "太原市尖草坪区食品药品监督管理站", "rcManagerUser": "严伟峰、蔡龙飞", "startTime": "", "xkCompleteDate": null, "xkDate": "2021-11-21", "xkDateStr": "2019-03-26", "xkName": "", "xkProject": "", "xkRemark": "", "xkType": "206"}, {"businessLicenseNumber": "91440101MA5BLTB180", "businessPerson": "黄余志", "certStr": "一般液态单元（护发清洁类、护肤水类、啫喱类）；膏霜乳液单元（护肤清洁类、护发类）", "cityCode": "", "countyCode": "", "creatUser": "", "createTime": "", "endTime": "", "epsAddress": "广州市黄埔区永安大道63号2栋201、601房", "epsName": "广州美塑生物科技有限公司", "epsProductAddress": "广州市黄埔区永安大道63号2栋201房", "id": "", "isimport": "Y", "legalPerson": "郑文明", "offDate": "", "offReason": "", "parentid": "", "preid": "", "processid": "", "productSn": "粤妆20190060", "provinceCode": "", "qfDate": "", "qfManagerName": "广东省药品监督管理局", "qualityPerson": "李楚波", "rcManagerDepartName": "黄埔区食品药品监督管理局", "rcManagerUser": "罗宏彪、刘斌、张杰", "startTime": "", "xkCompleteDate": null, "xkDate": "2024-03-24", "xkDateStr": "2019-03-25", "xkName": "严振", "xkProject": "", "xkRemark": "无", "xkType": "201"}, {"businessLicenseNumber": "91321016MA1XC0NQ3J", "businessPerson": "徐有忠", "certStr": "一般液态单元（护发清洁类）；膏霜乳液单元（护发类、护肤清洁类）", "cityCode": "", "countyCode": "", "creatUser": "", "createTime": "", "endTime": "", "epsAddress": "扬州市生态科技新城泰安镇凤凰岛路999号", "epsName": "扬州皇轩日化有限公司", "epsProductAddress": "扬州市生态科技新城泰安镇凤凰岛路999号", "id": "", "isimport": "N", "legalPerson": "徐有忠", "offDate": "", "offReason": "", "parentid": "", "preid": "", "processid": "20190103082403201zj030", "productSn": "苏妆20190008", "provinceCode": "", "qfDate": "", "qfManagerName": "江苏省药品监督管理局", "qualityPerson": "王梅珍", "rcManagerDepartName": "扬州市生态科技新城市场监督管理局", "rcManagerUser": "金萍、李德顺", "startTime": "", "xkCompleteDate": null, "xkDate": "2024-03-24", "xkDateStr": "2019-03-25", "xkName": "王越", "xkProject": "", "xkRemark": "", "xkType": "201"}, {"businessLicenseNumber": "913205057473044089", "businessPerson": "魏小斐", "certStr": "一般液态单元（啫喱类、护肤水类）；膏霜乳液单元（护肤清洁类）", "cityCode": "", "countyCode": "", "creatUser": "", "createTime": "", "endTime": "", "epsAddress": "苏州高新区金庄街60号", "epsName": "苏州秀诺光电科技有限公司", "epsProductAddress": "苏州高新区金庄街60号", "id": "", "isimport": "N", "legalPerson": "魏小斐", "offDate": "", "offReason": "", "parentid": "", "preid": "", "processid": "20190228082022206pg0g7", "productSn": "苏妆20170005", "provinceCode": "", "qfDate": "", "qfManagerName": "江苏省药品监督管理局", "qualityPerson": "汪晓萍", "rcManagerDepartName": "苏州高新区（虎丘区）市场监督管理局", "rcManagerUser": "董亮、徐新杰", "startTime": "", "xkCompleteDate": null, "xkDate": "2022-01-24", "xkDateStr": "2019-03-25", "xkName": "陈建平", "xkProject": "", "xkRemark": "", "xkType": "206"}, {"businessLicenseNumber": "91350182796070150J", "businessPerson": "陈祥斌", "certStr": "一般液态单元（啫喱类、护发清洁类、护肤水类）；膏霜乳液单元（护发类、护肤清洁类）；蜡基单元（蜡基类）", "cityCode": "", "countyCode": "", "creatUser": "", "createTime": "", "endTime": "", "epsAddress": "福州市长乐区湖南镇鹏程路18-42厂房（金山空港工业集中区）", "epsName": "福建绿植源生化科技有限公司", "epsProductAddress": "福州市长乐区湖南镇鹏程路18-42厂房（金山空港工业集中区）", "id": "", "isimport": "N", "legalPerson": "陈祥斌", "offDate": "", "offReason": "", "parentid": "", "preid": "", "processid": "20190321182424206nqj6a", "productSn": "闽妆20170020", "provinceCode": "", "qfDate": "", "qfManagerName": "福建省药品监督管理局", "qualityPerson": "肖毅", "rcManagerDepartName": "长乐市湖南镇市场监督管理所", "rcManagerUser": "林奇、林干", "startTime": "", "xkCompleteDate": null, "xkDate": "2022-03-19", "xkDateStr": "2019-03-25", "xkName": "张剑平", "xkProject": "", "xkRemark": "", "xkType": "206"}, {"businessLicenseNumber": "91211281736726234Q", "businessPerson": "孙树发", "certStr": "膏霜乳液单元（护发类、护肤清洁类）", "cityCode": "", "countyCode": "", "creatUser": "", "createTime": "", "endTime": "", "epsAddress": "辽宁省铁岭市调兵山市站前街（铁煤集团安全培训中心对面）", "epsName": "铁煤集体企业联合发展有限公司", "epsProductAddress": "辽宁省铁岭市调兵山市红房市场东侧制网厂3号厂房", "id": "", "isimport": "N", "legalPerson": "王国成", "offDate": "", "offReason": "", "parentid": "", "preid": "", "processid": "20190109111601201hinyy", "productSn": "辽妆20190003", "provinceCode": "", "qfDate": "", "qfManagerName": "辽宁省药品监督管理局", "qualityPerson": "孙树发", "rcManagerDepartName": "铁岭市市场监督管理局", "rcManagerUser": "李劲松、刘宏、张彤、迟绍研、张鹏飞", "startTime": "", "xkCompleteDate": null, "xkDate": "2024-03-24", "xkDateStr": "2019-03-25", "xkName": "潘勇", "xkProject": "", "xkRemark": "", "xkType": "201"}, {"businessLicenseNumber": "91210114MA0Y7BEB54", "businessPerson": "庞义", "certStr": "一般液态单元（啫喱类、护发清洁类、护肤水类）；膏霜乳液单元（护发类、护肤清洁类）", "cityCode": "", "countyCode": "", "creatUser": "", "createTime": "", "endTime": "", "epsAddress": "辽宁省沈阳市于洪区沈胡路131号2门", "epsName": "科姿曼嘉（沈阳）化妆品有限公司", "epsProductAddress": "辽宁省沈阳市于洪区沈胡路131号2门", "id": "", "isimport": "N", "legalPerson": "苑丽文", "offDate": "", "offReason": "", "parentid": "", "preid": "", "processid": "20190130133524201k4djs", "productSn": "辽妆20190002", "provinceCode": "", "qfDate": "", "qfManagerName": "辽宁省食品药品监督管理局", "qualityPerson": "何成竹", "rcManagerDepartName": "于洪市场监督管理所", "rcManagerUser": "张莉、代晓林", "startTime": "", "xkCompleteDate": null, "xkDate": "2024-03-24", "xkDateStr": "2019-03-25", "xkName": "潘勇", "xkProject": "", "xkRemark": "", "xkType": "201"}, {"businessLicenseNumber": "91330881MA29UN9M2D", "businessPerson": "毛金泉", "certStr": "蜡基单元（蜡基类）； ", "cityCode": "", "countyCode": "", "creatUser": "", "createTime": "", "endTime": "", "epsAddress": "浙江省衢州市江山市江山经济开发区江东区兴工七路1-5号", "epsName": "浙江柏秀化妆品有限公司", "epsProductAddress": "浙江省衢州市江山市江山经济开发区江东区兴工七路1－5号", "id": "", "isimport": "Y", "legalPerson": "姜方勇", "offDate": "", "offReason": "", "parentid": "", "preid": "", "processid": "", "productSn": "浙妆20190010", "provinceCode": "", "qfDate": "", "qfManagerName": "浙江省药品监督管理局", "qualityPerson": "陈超", "rcManagerDepartName": "江山市市场监督管理局", "rcManagerUser": "朱洪波、柴艳芳", "startTime": "", "xkCompleteDate": null, "xkDate": "2024-03-21", "xkDateStr": "2019-03-22", "xkName": "陈智慧", "xkProject": "", "xkRemark": "仅供出口", "xkType": "201"}, {"businessLicenseNumber": "913210163211328647", "businessPerson": "陈飞", "certStr": "一般液态单元（护发清洁类）；膏霜乳液单元（护发类、护肤清洁类）", "cityCode": "", "countyCode": "", "creatUser": "", "createTime": "", "endTime": "", "epsAddress": "扬州市杭集工业园通洲路19号", "epsName": "江苏易佳洁化妆品有限公司", "epsProductAddress": "扬州市杭集工业园通洲路19号", "id": "", "isimport": "N", "legalPerson": "陈飞", "offDate": "", "offReason": "", "parentid": "", "preid": "", "processid": "20190103140025202s1g2a", "productSn": "苏妆20160061", "provinceCode": "", "qfDate": "", "qfManagerName": "江苏省药品监督管理局", "qualityPerson": "尤玉香", "rcManagerDepartName": "扬州市生态科技新城市场监督管理局", "rcManagerUser": "金萍、李德顺", "startTime": "", "xkCompleteDate": null, "xkDate": "2024-03-21", "xkDateStr": "2019-03-22", "xkName": "洪昊", "xkProject": "", "xkRemark": "", "xkType": "202"}, {"businessLicenseNumber": "91321016331080447F", "businessPerson": "杭圣利", "certStr": "一般液态单元（护发清洁类、护肤水类）；膏霜乳液单元（护发类、护肤清洁类）", "cityCode": "", "countyCode": "", "creatUser": "", "createTime": "", "endTime": "", "epsAddress": "扬州市杭集杭集工业园（蚊香厂D区）8幢", "epsName": "扬州清爽日化有限公司", "epsProductAddress": "扬州市杭集杭集工业园（蚊香厂D区）8幢", "id": "", "isimport": "N", "legalPerson": "杭圣利", "offDate": "", "offReason": "", "parentid": "", "preid": "", "processid": "201901041237572020p2v1", "productSn": "苏妆20160029", "provinceCode": "", "qfDate": "", "qfManagerName": "江苏省药品监督管理局", "qualityPerson": "陈萍", "rcManagerDepartName": "扬州市生态科技新城市场监督管理局", "rcManagerUser": "金萍、李德顺", "startTime": "", "xkCompleteDate": null, "xkDate": "2024-03-21", "xkDateStr": "2019-03-22", "xkName": "洪昊", "xkProject": "", "xkRemark": "", "xkType": "202"}, {"businessLicenseNumber": "9132101631400280X5", "businessPerson": "李瀛", "certStr": "一般液态单元（啫喱类、护发清洁类、护肤水类）；膏霜乳液单元（护发类、护肤清洁类）", "cityCode": "", "countyCode": "", "creatUser": "", "createTime": "", "endTime": "", "epsAddress": "扬州市杭集工业园（卫生用品厂区）5幢", "epsName": "扬州大自然生物科技有限公司", "epsProductAddress": "扬州市杭集镇杭集工业园翟庄路99号5幢", "id": "", "isimport": "N", "legalPerson": "李瀛", "offDate": "", "offReason": "", "parentid": "", "preid": "", "processid": "20190214150236202kc4at", "productSn": "苏妆20160026", "provinceCode": "", "qfDate": "", "qfManagerName": "江苏省药品监督管理局", "qualityPerson": "黄伟", "rcManagerDepartName": "扬州市生态科技新城市场监督管理局", "rcManagerUser": "金萍、李德顺", "startTime": "", "xkCompleteDate": null, "xkDate": "2024-03-21", "xkDateStr": "2019-03-22", "xkName": "洪昊", "xkProject": "", "xkRemark": "", "xkType": "202"}, {"businessLicenseNumber": "913210163140615354", "businessPerson": "蔡新星", "certStr": "一般液态单元（护发清洁类、护肤水类）；膏霜乳液单元（护发类、护肤清洁类）；粉单元（浴盐类）", "cityCode": "", "countyCode": "", "creatUser": "", "createTime": "", "endTime": "", "epsAddress": "杭集工业园通州路西侧", "epsName": "扬州兰菲尔日化有限公司", "epsProductAddress": "杭集工业园通州路西侧", "id": "", "isimport": "N", "legalPerson": "蔡新星", "offDate": "", "offReason": "", "parentid": "", "preid": "", "processid": "201901040943032029gxpd", "productSn": "苏妆20160025", "provinceCode": "", "qfDate": "", "qfManagerName": "江苏省药品监督管理局", "qualityPerson": "董明", "rcManagerDepartName": "扬州市生态科技新城市场监督管理局", "rcManagerUser": "金萍、李德顺", "startTime": "", "xkCompleteDate": null, "xkDate": "2024-03-21", "xkDateStr": "2019-03-22", "xkName": "洪昊", "xkProject": "", "xkRemark": "", "xkType": "202"}, {"businessLicenseNumber": "91440101MA5CK9F9X0", "businessPerson": "秦文梁", "certStr": "一般液态单元（护发清洁类、护肤水类、啫喱类）；膏霜乳液单元（护肤清洁类、护发类）", "cityCode": "", "countyCode": "", "creatUser": "", "createTime": "", "endTime": "", "epsAddress": "广州市白云区太和镇龙河西南横三路2号", "epsName": "广州中樱化妆品有限公司", "epsProductAddress": "广州市白云区太和镇龙河西南横三路2号A栋1-3层", "id": "", "isimport": "Y", "legalPerson": "秦文梁", "offDate": "", "offReason": "", "parentid": "", "preid": "", "processid": "", "productSn": "粤妆20190058", "provinceCode": "", "qfDate": "", "qfManagerName": "广东省食品药品监督管理局", "qualityPerson": "廖小刚", "rcManagerDepartName": "白云区局太和食品药品监督管理所", "rcManagerUser": "任卫红、黄礼杰", "startTime": "", "xkCompleteDate": null, "xkDate": "2024-03-20", "xkDateStr": "2019-03-21", "xkName": "严振", "xkProject": "", "xkRemark": "无", "xkType": "201"}, {"businessLicenseNumber": "91210112MA0UJ0788K", "businessPerson": "李永生", "certStr": "一般液态单元（护肤水类）；膏霜乳液单元（护肤清洁类）", "cityCode": "", "countyCode": "", "creatUser": "", "createTime": "", "endTime": "", "epsAddress": "辽宁省沈阳市浑南区文溯街17-3号", "epsName": "熊津蕊痕化妆品（沈阳）有限公司", "epsProductAddress": "辽宁省沈阳市浑南区文溯街17-3号", "id": "", "isimport": "N", "legalPerson": "康烔薰", "offDate": "", "offReason": "", "parentid": "", "preid": "", "processid": "20190308143128206jixtv", "productSn": "辽妆20180002", "provinceCode": "", "qfDate": "", "qfManagerName": "辽宁省药品监督管理局", "qualityPerson": "苑丽文", "rcManagerDepartName": "沈阳市浑南区市场监督管理局", "rcManagerUser": "沈红睿 陈军", "startTime": "", "xkCompleteDate": null, "xkDate": "2023-03-25", "xkDateStr": "2019-03-21", "xkName": "潘勇", "xkProject": "", "xkRemark": "", "xkType": "206"}, {"businessLicenseNumber": "91210281716986661C", "businessPerson": "曲静", "certStr": "一般液态单元（啫喱类、护发清洁类、护肤水类、染烫发类）；膏霜乳液单元（护发类、护肤清洁类、染烫发类）", "cityCode": "", "countyCode": "", "creatUser": "", "createTime": "", "endTime": "", "epsAddress": "辽宁省瓦房店市三台乡西蓝旗村", "epsName": "大连河原日用化学品有限公司", "epsProductAddress": "辽宁省大连市瓦房店市三台乡西蓝旗村", "id": "", "isimport": "N", "legalPerson": "曲静", "offDate": "", "offReason": "", "parentid": "", "preid": "", "processid": "20190306090219206dgc2w", "productSn": "辽妆20160032", "provinceCode": "", "qfDate": "", "qfManagerName": "辽宁省药品监督管理局", "qualityPerson": "邹翠兰", "rcManagerDepartName": "大连市食品药品监督管理局", "rcManagerUser": "钟红玲、梁辉", "startTime": "", "xkCompleteDate": null, "xkDate": "2021-12-29", "xkDateStr": "2019-03-21", "xkName": "潘勇", "xkProject": "", "xkRemark": "", "xkType": "206"}, {"businessLicenseNumber": "91220700737027304X", "businessPerson": "侯四青", "certStr": "一般液态单元（护发清洁类）；膏霜乳液单元（护肤清洁类）", "cityCode": "", "countyCode": "", "creatUser": "", "createTime": "", "endTime": "", "epsAddress": "宁江区石化街56号", "epsName": "吉林省吉原化工有限公司", "epsProductAddress": "宁江区石化街56号", "id": "", "isimport": "N", "legalPerson": "侯四青", "offDate": "", "offReason": "", "parentid": "", "preid": "", "processid": "20190220113007202b7w9w", "productSn": "吉妆20160006", "provinceCode": "", "qfDate": "", "qfManagerName": "吉林省食品药品监督管理局", "qualityPerson": "张凤玲", "rcManagerDepartName": "吉林省药品监督管理局", "rcManagerUser": "杨冬冬    董岿然", "startTime": "", "xkCompleteDate": null, "xkDate": "2024-03-21", "xkDateStr": "2019-03-21", "xkName": "刘宝芳", "xkProject": "", "xkRemark": "", "xkType": "202"}, {"businessLicenseNumber": "913701007207237766", "businessPerson": "赵燕", "certStr": "一般液态单元（护发清洁类、护肤水类、啫喱类）,膏霜乳液单元（护肤清洁类）", "cityCode": "", "countyCode": "", "creatUser": "", "createTime": "", "endTime": "", "epsAddress": "山东省济南市高新技术开发区天辰大街678号", "epsName": "华熙生物科技股份有限公司", "epsProductAddress": "山东省济南市高新技术开发区天辰大街678号", "id": "", "isimport": "Y", "legalPerson": "赵燕", "offDate": "", "offReason": "", "parentid": "", "preid": "", "processid": "", "productSn": "鲁妆20160017", "provinceCode": "", "qfDate": "", "qfManagerName": "山东省食品药品监督管理局", "qualityPerson": "董建军", "rcManagerDepartName": "济南高新技术产业开发区管委会市场监管局", "rcManagerUser": "刘庆国  蓝蕾", "startTime": "", "xkCompleteDate": null, "xkDate": "2021-09-04", "xkDateStr": "2019-03-20", "xkName": "王建政", "xkProject": "", "xkRemark": "无", "xkType": "206"}, {"businessLicenseNumber": "912301006071673333", "businessPerson": "卢晓芳", "certStr": "一般液态单元（护肤水类）；膏霜乳液单元（护肤清洁类）", "cityCode": "", "countyCode": "", "creatUser": "", "createTime": "", "endTime": "", "epsAddress": "哈尔滨市平房工业园区平房路123号", "epsName": "哈尔滨蜜雪儿化妆品有限公司", "epsProductAddress": "哈尔滨市平房工业园区平房路123号", "id": "", "isimport": "N", "legalPerson": "谢尚伯", "offDate": "", "offReason": "", "parentid": "", "preid": "", "processid": "201903200916162062d0df", "productSn": "黑妆20160019", "provinceCode": "", "qfDate": "", "qfManagerName": "黑龙江省药品监督管理局", "qualityPerson": "林佳烨", "rcManagerDepartName": "哈尔滨市平房区市场监督管理局", "rcManagerUser": "于宏娴   李海洋", "startTime": "", "xkCompleteDate": null, "xkDate": "2021-11-10", "xkDateStr": "2019-03-20", "xkName": "张跃晨", "xkProject": "", "xkRemark": "", "xkType": "206"}, {"businessLicenseNumber": "91440101MA5ANBDT0W", "businessPerson": "孔月波", "certStr": "一般液态单元（护发清洁类、护肤水类、啫喱类）；膏霜乳液单元（护肤清洁类、护发类）", "cityCode": "", "countyCode": "", "creatUser": "", "createTime": "", "endTime": "", "epsAddress": "广州市白云区白云湖街龙湖东路牛场工业区B栋二楼", "epsName": "广州美丽世颜化妆品有限公司", "epsProductAddress": "广州市白云区白云湖街龙湖东路牛场工业区B栋二楼", "id": "", "isimport": "Y", "legalPerson": "孔月波", "offDate": "", "offReason": "", "parentid": "", "preid": "", "processid": "", "productSn": "粤妆20190057", "provinceCode": "", "qfDate": "", "qfManagerName": "广东省食品药品监督管理局", "qualityPerson": "项勇", "rcManagerDepartName": "白云区局白云湖食品药品监督管理所", "rcManagerUser": "阮家兴、陈昕锋", "startTime": "", "xkCompleteDate": null, "xkDate": "2024-03-18", "xkDateStr": "2019-03-19", "xkName": "严振", "xkProject": "", "xkRemark": "无", "xkType": "201"}, {"businessLicenseNumber": "91220104245000885B", "businessPerson": "姜星荣", "certStr": "一般液态单元（护肤水类）；膏霜乳液单元（护肤清洁类）；粉单元（散粉类）", "cityCode": "", "countyCode": "", "creatUser": "", "createTime": "", "endTime": "", "epsAddress": "长春市朝阳区南湖大路6299号", "epsName": "长春长影集团化妆品有限公司", "epsProductAddress": "长春市朝阳区南湖大路6299号", "id": "", "isimport": "N", "legalPerson": "姜星荣", "offDate": "", "offReason": "", "parentid": "", "preid": "", "processid": "20190222171610202expic", "productSn": "吉妆20160005", "provinceCode": "", "qfDate": "", "qfManagerName": "吉林省食品药品监督管理局", "qualityPerson": "辛丽娟", "rcManagerDepartName": "吉林省药品监督管理局", "rcManagerUser": "杨冬冬  董岿然", "startTime": "", "xkCompleteDate": null, "xkDate": "2024-03-19", "xkDateStr": "2019-03-19", "xkName": "刘宝芳", "xkProject": "", "xkRemark": "", "xkType": "202"}, {"businessLicenseNumber": "91440514726512355K", "businessPerson": "周幸佳", "certStr": "一般液态单元（护发清洁类、护肤水类、啫喱类）；膏霜乳液单元（护肤清洁类、护发类）；粉单元（散粉类、块状粉类、浴盐类）；蜡基单元（蜡基类）", "cityCode": "", "countyCode": "", "creatUser": "", "createTime": "", "endTime": "", "epsAddress": "汕头市潮南区峡山桃溪桃外工业区", "epsName": "汕头市楷达发有限公司", "epsProductAddress": "汕头市潮南区峡山桃溪桃外工业区第三座", "id": "", "isimport": "Y", "legalPerson": "周幸佳", "offDate": "", "offReason": "", "parentid": "", "preid": "", "processid": "", "productSn": "粤妆20180179", "provinceCode": "", "qfDate": "", "qfManagerName": "广东省食品药品监督管理局", "qualityPerson": "杨志彬", "rcManagerDepartName": "汕头市潮南区食品药品监督管理局", "rcManagerUser": "由日常监督管理机构指定", "startTime": "", "xkCompleteDate": null, "xkDate": "2024-3-17", "xkDateStr": "2019-03-18", "xkName": "严振", "xkProject": "", "xkRemark": "无", "xkType": "206"}, {"businessLicenseNumber": "91440507315133705P", "businessPerson": "梁芬", "certStr": "一般液态单元（护发清洁类、护肤水类、啫喱类）；膏霜乳液单元（护肤清洁类、护发类）", "cityCode": "", "countyCode": "", "creatUser": "", "createTime": "", "endTime": "", "epsAddress": "汕头市龙湖区内充公南益片11-12号504号", "epsName": "汕头市欧碧泉日化有限公司", "epsProductAddress": "汕头市龙湖区内充公南益片11-12号5楼", "id": "", "isimport": "Y", "legalPerson": "刘小洪", "offDate": "", "offReason": "", "parentid": "", "preid": "", "processid": "", "productSn": "粤妆20161675", "provinceCode": "", "qfDate": "", "qfManagerName": "广东省食品药品监督管理局", "qualityPerson": "刘小洪", "rcManagerDepartName": "汕头市龙湖区食品药品监督管理局", "rcManagerUser": "由日常监督管理机构指定", "startTime": "", "xkCompleteDate": null, "xkDate": "2024-3-17", "xkDateStr": "2019-03-18", "xkName": "严振", "xkProject": "", "xkRemark": "无", "xkType": "206"}, {"businessLicenseNumber": "91440515774016540T", "businessPerson": "王泽辉", "certStr": "一般液态单元（护发清洁类、护肤水类、啫喱类）；膏霜乳液单元（护肤清洁类、护发类）", "cityCode": "", "countyCode": "", "creatUser": "", "createTime": "", "endTime": "", "epsAddress": "汕头市澄海区凤翔街道头份兴达工业区", "epsName": "汕头市雅蒂化妆品有限公司", "epsProductAddress": "汕头市澄海区凤翔街道头份兴达工业区", "id": "", "isimport": "Y", "legalPerson": "王泽辉", "offDate": "", "offReason": "", "parentid": "", "preid": "", "processid": "", "productSn": "粤妆20160475", "provinceCode": "", "qfDate": "", "qfManagerName": "广东省食品药品监督管理局", "qualityPerson": "王雄桂", "rcManagerDepartName": "汕头市澄海区食品药品监督管理局", "rcManagerUser": "由日常监督管理机构指定", "startTime": "", "xkCompleteDate": null, "xkDate": "2024-3-17", "xkDateStr": "2019-03-18", "xkName": "严振", "xkProject": "", "xkRemark": "无", "xkType": "206"}, {"businessLicenseNumber": "91430900MA4PHR4K29", "businessPerson": "罗凯", "certStr": "一般液态单元（护肤水类）；膏霜乳液单元（护肤清洁类）", "cityCode": "", "countyCode": "", "creatUser": "", "createTime": "", "endTime": "", "epsAddress": "益阳市高新区创业园楠木塘村301", "epsName": "益阳市汇优美生物科技有限公司", "epsProductAddress": "益阳市高新区创业园楠木塘村301", "id": "", "isimport": "N", "legalPerson": "罗凯", "offDate": "", "offReason": "", "parentid": "", "preid": "", "processid": "20181210100844201gfgzn", "productSn": "湘妆20190001", "provinceCode": "", "qfDate": "", "qfManagerName": "湖南省药品监督管理局", "qualityPerson": "李颂毛", "rcManagerDepartName": "益阳市市场监督管理局", "rcManagerUser": "瞿国安、崔柯", "startTime": "", "xkCompleteDate": null, "xkDate": "2024-03-17", "xkDateStr": "2019-03-18", "xkName": "吴公平", "xkProject": "", "xkRemark": "", "xkType": "201"}]