[{"rating": ["9.6", "50"], "rank": 1, "cover_url": "https://img3.doubanio.com/view/photo/s_ratio_poster/public/p2354179225.jpg", "is_playable": false, "id": "5133063", "types": ["喜剧"], "regions": ["英国"], "title": "憨豆先生精选辑", "url": "https://movie.douban.com/subject/5133063/", "release_date": "1997", "actor_count": 8, "vote_count": 3029, "score": "9.6", "actors": ["罗温·艾金森", "Paul Bown", "理查德·布赖尔斯", "Angus Deayton", "罗宾·德里斯科尔", "卡罗琳·昆汀", "Rudolph Walker", "理查德·威尔逊"], "is_watched": false}, {"rating": ["9.5", "50"], "rank": 2, "cover_url": "https://img3.doubanio.com/view/photo/s_ratio_poster/public/p510861873.jpg", "is_playable": true, "id": "1292063", "types": ["剧情", "喜剧", "爱情", "战争"], "regions": ["意大利"], "title": "美丽人生", "url": "https://movie.douban.com/subject/1292063/", "release_date": "1997-12-20", "actor_count": 30, "vote_count": 641929, "score": "9.5", "actors": ["罗伯托·贝尼尼", "尼可莱塔·布拉斯基", "乔治·坎塔里尼", "朱斯蒂诺·杜拉诺", "赛尔乔·比尼·布斯特里克", "玛丽萨·帕雷德斯", "霍斯特·布赫霍尔茨", "利迪娅·阿方西", "朱利亚娜·洛约迪切", "亚美利哥·丰塔尼", "彼得·德·席尔瓦", "弗朗西斯·古佐", "拉法埃拉·莱博罗尼", "克劳迪奥·阿方西", "吉尔·巴罗尼", "马西莫·比安奇", "恩尼奥·孔萨尔维", "吉安卡尔洛·科森蒂诺", "阿伦·克雷格", "汉尼斯·赫尔曼", "弗兰科·梅斯科利尼", "安东尼奥·普雷斯特", "吉娜·诺维勒", "理查德·塞梅尔", "安德烈提多娜", "迪尔克·范登贝格", "奥梅罗·安东努蒂", "李靖飞", "沈晓谦", "张欣"], "is_watched": false}, {"rating": ["9.4", "50"], "rank": 3, "cover_url": "https://img1.doubanio.com/view/photo/s_ratio_poster/public/p2206737207.jpg", "is_playable": false, "id": "1303408", "types": ["喜剧", "奇幻"], "regions": ["美国"], "title": "福尔摩斯二世", "url": "https://movie.douban.com/subject/1303408/", "release_date": "1924-04-21", "actor_count": 3, "vote_count": 8617, "score": "9.4", "actors": ["巴斯特·基顿", "凯瑟琳·麦奎尔", "乔·基顿"], "is_watched": false}, {"rating": ["9.4", "50"], "rank": 4, "cover_url": "https://img3.doubanio.com/view/photo/s_ratio_poster/public/p2184490255.jpg", "is_playable": false, "id": "6309377", "types": ["喜剧"], "regions": ["英国"], "title": "西蒙·阿姆斯特尔：顺其自然", "url": "https://movie.douban.com/subject/6309377/", "release_date": "2010", "actor_count": 1, "vote_count": 1451, "score": "9.4", "actors": ["西蒙·阿姆斯特尔"], "is_watched": false}, {"rating": ["9.3", "50"], "rank": 5, "cover_url": "https://img1.doubanio.com/view/photo/s_ratio_poster/public/p2170238828.jpg", "is_playable": true, "id": "1293908", "types": ["喜剧", "剧情", "爱情"], "regions": ["美国"], "title": "城市之光", "url": "https://movie.douban.com/subject/1293908/", "release_date": "1931-01-30", "actor_count": 9, "vote_count": 60429, "score": "9.3", "actors": ["查理·卓别林", "弗吉尼亚·切瑞尔", "佛罗伦斯·李", "亨利·伯格曼", "珍·哈露", "哈利·迈耶斯", "约翰兰德", "罗伯特·帕里什", "罗伯特·格雷夫斯"], "is_watched": false}, {"rating": ["9.3", "50"], "rank": 6, "cover_url": "https://img3.doubanio.com/view/photo/s_ratio_poster/public/p2509440210.jpg", "is_playable": false, "id": "26700818", "types": ["喜剧", "同性"], "regions": ["英国"], "title": "极品基老伴：完结篇", "url": "https://movie.douban.com/subject/26700818/", "release_date": "2016-06-19", "actor_count": 10, "vote_count": 16618, "score": "9.3", "actors": ["伊恩·麦克莱恩", "德里克·雅各比", "弗朗西斯·德·拉·图瓦", "伊万·瑞恩", "玛西娅·沃伦", "菲利普-沃斯", "艾琳·阿特金斯", "弗兰西斯·巴贝", "阿利斯泰尔·布拉默", "理查德·加德"], "is_watched": false}, {"rating": ["9.2", "45"], "rank": 7, "cover_url": "https://img3.doubanio.com/view/photo/s_ratio_poster/public/p579729551.jpg", "is_playable": false, "id": "3793023", "types": ["剧情", "喜剧", "爱情", "歌舞"], "regions": ["印度"], "title": "三傻大闹宝莱坞", "url": "https://movie.douban.com/subject/3793023/", "release_date": "2011-12-08", "actor_count": 13, "vote_count": 991032, "score": "9.2", "actors": ["阿米尔·汗", "卡琳娜·卡普尔", "马达范", "沙尔曼·乔希", "奥米·瓦依达", "博曼·伊拉尼", "莫娜·辛格", "拉杰夫·拉宾德拉纳特安", "Atul Tiwari", "阿里·扎勒", "帕里卡沙特.萨赫尼", "Rakesh Sharma", "Javed Jaffrey"], "is_watched": false}, {"rating": ["9.2", "45"], "rank": 8, "cover_url": "https://img1.doubanio.com/view/photo/s_ratio_poster/public/p2315672647.jpg", "is_playable": true, "id": "25662329", "types": ["喜剧", "动画", "冒险"], "regions": ["美国"], "title": "疯狂动物城", "url": "https://movie.douban.com/subject/25662329/", "release_date": "2016-03-04", "actor_count": 41, "vote_count": 863160, "score": "9.2", "actors": ["金妮弗·古德温", "杰森·贝特曼", "伊德里斯·艾尔巴", "珍妮·斯蕾特", "内特·托伦斯", "邦尼·亨特", "唐·雷克", "汤米·钟", "J·K·西蒙斯", "奥克塔维亚·斯宾瑟", "艾伦·图代克", "夏奇拉", "雷蒙德·S·佩尔西", "德拉·萨巴", "莫里斯·拉马奇", "菲尔·约翰斯顿", "约翰·迪·玛吉欧", "凯蒂·洛斯", "吉塔·雷迪", "杰西·科尔蒂", "汤米·利斯特", "乔希·达拉斯", "瑞奇·摩尔", "凯斯·索西", "彼得·曼斯布里奇", "拜伦·霍华德", "杰拉德·布什", "马克·史密斯", "乔西·特立尼达", "约翰·拉维尔", "克里斯汀·贝尔", "吉尔·科德斯", "梅利莎·古德温", "季冠霖", "佟心竹", "容祖儿", "黄子华", "蔡依林", "戴维德·迪格斯", "张震", "尼古拉斯·格斯特"], "is_watched": false}, {"rating": ["9.2", "45"], "rank": 9, "cover_url": "https://img3.doubanio.com/view/photo/s_ratio_poster/public/p2455050536.jpg", "is_playable": true, "id": "1292213", "types": ["喜剧", "爱情", "奇幻", "古装"], "regions": ["香港", "中国大陆"], "title": "大话西游之大圣娶亲", "url": "https://movie.douban.com/subject/1292213/", "release_date": "2014-10-24", "actor_count": 15, "vote_count": 766241, "score": "9.2", "actors": ["周星驰", "吴孟达", "朱茵", "蔡少芬", "蓝洁瑛", "莫文蔚", "罗家英", "刘镇伟", "陆树铭", "李健仁", "吴珏瑾", "胡立成", "付博文", "许敬义", "江约诚"], "is_watched": false}, {"rating": ["9.2", "45"], "rank": 10, "cover_url": "https://img3.doubanio.com/view/photo/s_ratio_poster/public/p1454261925.jpg", "is_playable": false, "id": "6786002", "types": ["剧情", "喜剧"], "regions": ["法国"], "title": "触不可及", "url": "https://movie.douban.com/subject/6786002/", "release_date": "2011-11-02", "actor_count": 10, "vote_count": 529419, "score": "9.2", "actors": ["弗朗索瓦·克鲁塞", "奥玛·希", "安娜·勒尼", "奥德雷·弗勒罗", "托马·索利韦尔", "多萝特博里埃", "克洛蒂尔德·莫勒", "艾米丽·卡恩", "阿尔芭·贝露琪", "皮埃尔-罗兰·巴纳隆"], "is_watched": false}, {"rating": ["9.2", "50"], "rank": 11, "cover_url": "https://img3.doubanio.com/view/photo/s_ratio_poster/public/p2173707976.jpg", "is_playable": true, "id": "1294371", "types": ["剧情", "喜剧", "爱情"], "regions": ["美国"], "title": "摩登时代", "url": "https://movie.douban.com/subject/1294371/", "release_date": "1936-02-25", "actor_count": 37, "vote_count": 134746, "score": "9.2", "actors": ["查理·卓别林", "宝莲·高黛", "亨利·伯格曼", "Tiny Sandford", "切斯特·康克林", "汉克·曼", "Stanley Blystone", "阿尔·欧内斯特·加西亚", "理查德·亚历山大", "Cecil Reynolds", "Mira McKinney", "Murdock MacQuarrie", "威尔弗雷德·卢卡斯", "Edward LeSaint", "Fred Malatesta", "Sammy Stein", "Ted Oliver", "Norman Ainsley", "Bobby Barber", "海尼·康克林", "格洛丽亚·德黑文", "Pat Flaherty", "Frank Hagney", "Pat Harmon", "劳埃德·英格拉哈姆", "沃尔特·詹姆斯", "Edward Kimball", "Jack Low", "Buddy Messinger", "Bruce Mitchell", "Frank Moran", "James C. Morton", "Louis Natheaux", "J·C·纽金特", "拉斯·鲍威尔", "约翰兰德", "哈里·威尔逊"], "is_watched": false}, {"rating": ["9.2", "45"], "rank": 12, "cover_url": "https://img3.doubanio.com/view/photo/s_ratio_poster/public/p1339915772.jpg", "is_playable": true, "id": "1303418", "types": ["喜剧", "战争"], "regions": ["美国"], "title": "你逃我也逃", "url": "https://movie.douban.com/subject/1303418/", "release_date": "1942-03-06", "actor_count": 36, "vote_count": 16103, "score": "9.2", "actors": ["卡洛·朗白", "杰克·本尼", "罗伯特·斯塔克", "菲利克斯·布雷萨特", "莱昂内尔·阿特威尔", "Adolf E. Licho", "George Lynn", "Olaf Hytten", "约翰·凯洛格", "Hans Schumm", "Charles Irwin", "西戈·鲁曼", "拉斯·鲍威尔", "Wolfgang Zilzer", "Armand 'Curly' Wright", "Henry Victor", "Roland Varno", "Ernö Verebes", "Otto Reichow", "Gene Rizzi", "哈利韦尔·霍布斯", "查尔斯·霍尔顿", "迈尔斯·曼德", "John Meredith", "Maurice Murphy", "赫尔穆特·丹丁", "斯坦利·里吉斯", "弗兰克·雷歇尔", "鲁道夫·安德斯", "Leyland Hodgson", "Maude Eburne", "Tom Dugan", "James Finlayson", "Leslie Denison", "Alec Craig", "Sven Hugo Borg"], "is_watched": false}, {"rating": ["9.2", "45"], "rank": 13, "cover_url": "https://img3.doubanio.com/view/subject/l/public/s1806732.jpg", "is_playable": false, "id": "3075070", "types": ["动画", "喜剧"], "regions": ["美国"], "title": "欢乐树的朋友们：赶尽杀绝", "url": "https://movie.douban.com/subject/3075070/", "release_date": "2005-11-28", "actor_count": 3, "vote_count": 4866, "score": "9.2", "actors": ["Ken Pontac", "沃伦·格拉夫", "凯恩·纳瓦罗"], "is_watched": false}, {"rating": ["9.2", "45"], "rank": 14, "cover_url": "https://img3.doubanio.com/view/photo/s_ratio_poster/public/p2162261726.jpg", "is_playable": false, "id": "1393471", "types": ["喜剧", "动画"], "regions": ["美国"], "title": "欢乐树的朋友们：第二发球", "url": "https://movie.douban.com/subject/1393471/", "release_date": "2003", "actor_count": 3, "vote_count": 4110, "score": "9.2", "actors": ["沃伦·格拉夫", "Rhode Montijo", "凯恩·纳瓦罗"], "is_watched": false}, {"rating": ["9.2", "50"], "rank": 15, "cover_url": "https://img3.doubanio.com/view/subject/l/public/s1806711.jpg", "is_playable": false, "id": "1393472", "types": ["喜剧", "动画"], "regions": ["美国"], "title": "欢乐树的朋友们：第三击", "url": "https://movie.douban.com/subject/1393472/", "release_date": "2004-08-01", "actor_count": 5, "vote_count": 3308, "score": "9.2", "actors": ["Liz Stuart", "Ken Pontac", "凯恩·纳瓦罗", "沃伦·格拉夫", "Rhode Montijo"], "is_watched": false}, {"rating": ["9.2", "45"], "rank": 16, "cover_url": "https://img3.doubanio.com/view/photo/s_ratio_poster/public/p2409467410.jpg", "is_playable": false, "id": "26946612", "types": ["剧情", "喜剧", "爱情"], "regions": ["中国大陆"], "title": "狐妖小红娘剧场版：王权富贵", "url": "https://movie.douban.com/subject/26946612/", "release_date": "2016-05-20", "actor_count": 4, "vote_count": 2984, "score": "9.2", "actors": ["杨天翔", "刘校妤", "乔诗语", "魏超"], "is_watched": false}, {"rating": ["9.1", "45"], "rank": 17, "cover_url": "https://img1.doubanio.com/view/photo/s_ratio_poster/public/p792443418.jpg", "is_playable": false, "id": "1293350", "types": ["剧情", "喜剧", "犯罪"], "regions": ["英国"], "title": "两杆大烟枪", "url": "https://movie.douban.com/subject/1293350/", "release_date": "1998-08-28", "actor_count": 21, "vote_count": 352530, "score": "9.1", "actors": ["杰森·弗莱明", "德克斯特·弗莱彻", "尼克·莫兰", "杰森·斯坦森", "斯蒂文·麦金托什", "斯汀", "维尼·琼斯", "丹尼·约翰-儒勒", "维克多·麦奎尔", "阿兰·福德", "安德鲁·蒂曼", "马修·沃恩", "弗兰克·哈珀", "罗尼·福克斯", "罗伯·布莱顿", "斯蒂芬·马库斯", "瓦斯·布莱克伍德", "Lenny McLean", "尼古拉斯·罗尔", "P.H.莫里亚蒂", "薇拉·黛"], "is_watched": false}, {"rating": ["9.1", "45"], "rank": 18, "cover_url": "https://img1.doubanio.com/view/photo/s_ratio_poster/public/p2332976198.jpg", "is_playable": true, "id": "1293270", "types": ["剧情", "喜剧", "家庭"], "regions": ["美国"], "title": "寻子遇仙记", "url": "https://movie.douban.com/subject/1293270/", "release_date": "1921-02-06", "actor_count": 26, "vote_count": 18147, "score": "9.1", "actors": ["查理·卓别林", "卡尔·米勒", "艾德娜·珀薇安丝", "杰基·库根", "艾伯特·奥斯汀", "Nellie Bly Baker", "亨利·伯格曼", "Edward Biby", "B.F. Blinn", "Kitty Bradbury", "弗兰克·坎皮沃", "Bliss Chevalier", "Robert Dunbar", "丽泰·格雷", "Jules Hanft", "Kathleen Kay", "Raymond Lee", "Clyde McAtee", "Lew Parker", "艾斯特·罗尔斯顿", "Granville Redmond", "查尔斯·赖斯纳", "Edgar Sherrod", "Arthur Thalasso", "S.D. Wilcox", "汤姆·威尔森"], "is_watched": false}, {"rating": ["9.1", "45"], "rank": 19, "cover_url": "https://img3.doubanio.com/view/photo/s_ratio_poster/public/p2248445275.jpg", "is_playable": true, "id": "1299628", "types": ["喜剧", "爱情"], "regions": ["美国"], "title": "马戏团", "url": "https://movie.douban.com/subject/1299628/", "release_date": "1928-01-06", "actor_count": 19, "vote_count": 7582, "score": "9.1", "actors": ["阿尔·欧内斯特·加西亚", "梅尔纳·肯尼迪", "Harry Crocker", "George Davis", "亨利·伯格曼", "Tiny Sandford", "约翰兰德", "查理·卓别林", "艾伯特·奥斯汀", "Stanley Blystone", "海尼·康克林", "Toraichi Kono", "贝蒂莫里西", "L.J. O'Connor", "杰克 P. 皮尔斯", "Hugh Saxon", "Armand Triller", "吉恩·巴瑞", "乔治·W·戴维斯"], "is_watched": false}, {"rating": ["9.1", "45"], "rank": 20, "cover_url": "https://img3.doubanio.com/view/photo/s_ratio_poster/public/p2533709702.jpg", "is_playable": false, "id": "4181031", "types": ["动画", "喜剧"], "regions": ["美国"], "title": "欢乐树的朋友们", "url": "https://movie.douban.com/subject/4181031/", "release_date": "2006-05-03", "actor_count": 0, "vote_count": 4469, "score": "9.1", "actors": [], "is_watched": false}]